--
-- PostgreSQL database dump
--

-- Dumped from database version 15.13 (Debian 15.13-1.pgdg120+1)
-- Dumped by pg_dump version 16.9 (Ubuntu 16.9-0ubuntu0.24.04.1)

SET statement_timeout = 0;
SET lock_timeout = 0;
SET idle_in_transaction_session_timeout = 0;
SET client_encoding = 'UTF8';
SET standard_conforming_strings = on;
SELECT pg_catalog.set_config('search_path', '', false);
SET check_function_bodies = false;
SET xmloption = content;
SET client_min_messages = warning;
SET row_security = off;

SET default_tablespace = '';

SET default_table_access_method = heap;

--
-- Name: Profile_profile; Type: TABLE; Schema: public; Owner: admin
--

CREATE TABLE public."Profile_profile" (
    id bigint NOT NULL,
    password character varying(128) NOT NULL,
    last_login timestamp with time zone,
    is_superuser boolean NOT NULL,
    first_name character varying(150) NOT NULL,
    last_name character varying(150) NOT NULL,
    is_staff boolean NOT NULL,
    is_active boolean NOT NULL,
    date_joined timestamp with time zone NOT NULL,
    name character varying(255),
    email character varying(254),
    ph_no character varying(20),
    role character varying(128) NOT NULL,
    slug character varying(50),
    forgot_password_code character varying(50)
);


ALTER TABLE public."Profile_profile" OWNER TO admin;

--
-- Name: Profile_profile_groups; Type: TABLE; Schema: public; Owner: admin
--

CREATE TABLE public."Profile_profile_groups" (
    id bigint NOT NULL,
    profile_id bigint NOT NULL,
    group_id integer NOT NULL
);


ALTER TABLE public."Profile_profile_groups" OWNER TO admin;

--
-- Name: Profile_profile_groups_id_seq; Type: SEQUENCE; Schema: public; Owner: admin
--

ALTER TABLE public."Profile_profile_groups" ALTER COLUMN id ADD GENERATED BY DEFAULT AS IDENTITY (
    SEQUENCE NAME public."Profile_profile_groups_id_seq"
    START WITH 1
    INCREMENT BY 1
    NO MINVALUE
    NO MAXVALUE
    CACHE 1
);


--
-- Name: Profile_profile_id_seq; Type: SEQUENCE; Schema: public; Owner: admin
--

ALTER TABLE public."Profile_profile" ALTER COLUMN id ADD GENERATED BY DEFAULT AS IDENTITY (
    SEQUENCE NAME public."Profile_profile_id_seq"
    START WITH 1
    INCREMENT BY 1
    NO MINVALUE
    NO MAXVALUE
    CACHE 1
);


--
-- Name: Profile_profile_user_permissions; Type: TABLE; Schema: public; Owner: admin
--

CREATE TABLE public."Profile_profile_user_permissions" (
    id bigint NOT NULL,
    profile_id bigint NOT NULL,
    permission_id integer NOT NULL
);


ALTER TABLE public."Profile_profile_user_permissions" OWNER TO admin;

--
-- Name: Profile_profile_user_permissions_id_seq; Type: SEQUENCE; Schema: public; Owner: admin
--

ALTER TABLE public."Profile_profile_user_permissions" ALTER COLUMN id ADD GENERATED BY DEFAULT AS IDENTITY (
    SEQUENCE NAME public."Profile_profile_user_permissions_id_seq"
    START WITH 1
    INCREMENT BY 1
    NO MINVALUE
    NO MAXVALUE
    CACHE 1
);


--
-- Name: Restaurant_franchise; Type: TABLE; Schema: public; Owner: admin
--

CREATE TABLE public."Restaurant_franchise" (
    id bigint NOT NULL,
    name character varying(255) NOT NULL,
    slug character varying(50),
    admin_id bigint,
    subdomain character varying(100)
);


ALTER TABLE public."Restaurant_franchise" OWNER TO admin;

--
-- Name: Restaurant_franchise_id_seq; Type: SEQUENCE; Schema: public; Owner: admin
--

ALTER TABLE public."Restaurant_franchise" ALTER COLUMN id ADD GENERATED BY DEFAULT AS IDENTITY (
    SEQUENCE NAME public."Restaurant_franchise_id_seq"
    START WITH 1
    INCREMENT BY 1
    NO MINVALUE
    NO MAXVALUE
    CACHE 1
);


--
-- Name: Restaurant_menucategory; Type: TABLE; Schema: public; Owner: admin
--

CREATE TABLE public."Restaurant_menucategory" (
    id bigint NOT NULL,
    name character varying(100) NOT NULL,
    description text,
    is_active boolean NOT NULL,
    slug character varying(50),
    outlet_id bigint NOT NULL,
    display_order integer NOT NULL,
    search_vector tsvector,
    CONSTRAINT "Restaurant_menucategory_display_order_check" CHECK ((display_order >= 0))
);


ALTER TABLE public."Restaurant_menucategory" OWNER TO admin;

--
-- Name: Restaurant_menucategory_id_seq; Type: SEQUENCE; Schema: public; Owner: admin
--

ALTER TABLE public."Restaurant_menucategory" ALTER COLUMN id ADD GENERATED BY DEFAULT AS IDENTITY (
    SEQUENCE NAME public."Restaurant_menucategory_id_seq"
    START WITH 1
    INCREMENT BY 1
    NO MINVALUE
    NO MAXVALUE
    CACHE 1
);


--
-- Name: Restaurant_menuitem; Type: TABLE; Schema: public; Owner: admin
--

CREATE TABLE public."Restaurant_menuitem" (
    id bigint NOT NULL,
    name character varying(100) NOT NULL,
    description text,
    price numeric(10,2) NOT NULL,
    is_available boolean NOT NULL,
    image character varying(100),
    slug character varying(50),
    category_id bigint NOT NULL,
    display_order integer NOT NULL,
    search_vector tsvector,
    CONSTRAINT "Restaurant_menuitem_display_order_check" CHECK ((display_order >= 0))
);


ALTER TABLE public."Restaurant_menuitem" OWNER TO admin;

--
-- Name: Restaurant_menuitem_id_seq; Type: SEQUENCE; Schema: public; Owner: admin
--

ALTER TABLE public."Restaurant_menuitem" ALTER COLUMN id ADD GENERATED BY DEFAULT AS IDENTITY (
    SEQUENCE NAME public."Restaurant_menuitem_id_seq"
    START WITH 1
    INCREMENT BY 1
    NO MINVALUE
    NO MAXVALUE
    CACHE 1
);


--
-- Name: Restaurant_order; Type: TABLE; Schema: public; Owner: admin
--

CREATE TABLE public."Restaurant_order" (
    id bigint NOT NULL,
    order_date timestamp with time zone NOT NULL,
    status character varying(20) NOT NULL,
    total_amount numeric(10,2) NOT NULL,
    special_instructions text,
    slug character varying(50),
    outlet_id bigint NOT NULL
);


ALTER TABLE public."Restaurant_order" OWNER TO admin;

--
-- Name: Restaurant_order_id_seq; Type: SEQUENCE; Schema: public; Owner: admin
--

ALTER TABLE public."Restaurant_order" ALTER COLUMN id ADD GENERATED BY DEFAULT AS IDENTITY (
    SEQUENCE NAME public."Restaurant_order_id_seq"
    START WITH 1
    INCREMENT BY 1
    NO MINVALUE
    NO MAXVALUE
    CACHE 1
);


--
-- Name: Restaurant_orderitem; Type: TABLE; Schema: public; Owner: admin
--

CREATE TABLE public."Restaurant_orderitem" (
    id bigint NOT NULL,
    quantity integer NOT NULL,
    price numeric(10,2) NOT NULL,
    item_id bigint NOT NULL,
    order_id bigint NOT NULL,
    CONSTRAINT "Restaurant_orderitem_quantity_check" CHECK ((quantity >= 0))
);


ALTER TABLE public."Restaurant_orderitem" OWNER TO admin;

--
-- Name: Restaurant_orderitem_id_seq; Type: SEQUENCE; Schema: public; Owner: admin
--

ALTER TABLE public."Restaurant_orderitem" ALTER COLUMN id ADD GENERATED BY DEFAULT AS IDENTITY (
    SEQUENCE NAME public."Restaurant_orderitem_id_seq"
    START WITH 1
    INCREMENT BY 1
    NO MINVALUE
    NO MAXVALUE
    CACHE 1
);


--
-- Name: Restaurant_outlet; Type: TABLE; Schema: public; Owner: admin
--

CREATE TABLE public."Restaurant_outlet" (
    id bigint NOT NULL,
    name character varying(255) NOT NULL,
    slug character varying(50),
    admin_id bigint,
    franchise_id bigint NOT NULL
);


ALTER TABLE public."Restaurant_outlet" OWNER TO admin;

--
-- Name: Restaurant_outlet_id_seq; Type: SEQUENCE; Schema: public; Owner: admin
--

ALTER TABLE public."Restaurant_outlet" ALTER COLUMN id ADD GENERATED BY DEFAULT AS IDENTITY (
    SEQUENCE NAME public."Restaurant_outlet_id_seq"
    START WITH 1
    INCREMENT BY 1
    NO MINVALUE
    NO MAXVALUE
    CACHE 1
);


--
-- Name: auth_group; Type: TABLE; Schema: public; Owner: admin
--

CREATE TABLE public.auth_group (
    id integer NOT NULL,
    name character varying(150) NOT NULL
);


ALTER TABLE public.auth_group OWNER TO admin;

--
-- Name: auth_group_id_seq; Type: SEQUENCE; Schema: public; Owner: admin
--

ALTER TABLE public.auth_group ALTER COLUMN id ADD GENERATED BY DEFAULT AS IDENTITY (
    SEQUENCE NAME public.auth_group_id_seq
    START WITH 1
    INCREMENT BY 1
    NO MINVALUE
    NO MAXVALUE
    CACHE 1
);


--
-- Name: auth_group_permissions; Type: TABLE; Schema: public; Owner: admin
--

CREATE TABLE public.auth_group_permissions (
    id bigint NOT NULL,
    group_id integer NOT NULL,
    permission_id integer NOT NULL
);


ALTER TABLE public.auth_group_permissions OWNER TO admin;

--
-- Name: auth_group_permissions_id_seq; Type: SEQUENCE; Schema: public; Owner: admin
--

ALTER TABLE public.auth_group_permissions ALTER COLUMN id ADD GENERATED BY DEFAULT AS IDENTITY (
    SEQUENCE NAME public.auth_group_permissions_id_seq
    START WITH 1
    INCREMENT BY 1
    NO MINVALUE
    NO MAXVALUE
    CACHE 1
);


--
-- Name: auth_permission; Type: TABLE; Schema: public; Owner: admin
--

CREATE TABLE public.auth_permission (
    id integer NOT NULL,
    name character varying(255) NOT NULL,
    content_type_id integer NOT NULL,
    codename character varying(100) NOT NULL
);


ALTER TABLE public.auth_permission OWNER TO admin;

--
-- Name: auth_permission_id_seq; Type: SEQUENCE; Schema: public; Owner: admin
--

ALTER TABLE public.auth_permission ALTER COLUMN id ADD GENERATED BY DEFAULT AS IDENTITY (
    SEQUENCE NAME public.auth_permission_id_seq
    START WITH 1
    INCREMENT BY 1
    NO MINVALUE
    NO MAXVALUE
    CACHE 1
);


--
-- Name: django_admin_log; Type: TABLE; Schema: public; Owner: admin
--

CREATE TABLE public.django_admin_log (
    id integer NOT NULL,
    action_time timestamp with time zone NOT NULL,
    object_id text,
    object_repr character varying(200) NOT NULL,
    action_flag smallint NOT NULL,
    change_message text NOT NULL,
    content_type_id integer,
    user_id bigint NOT NULL,
    CONSTRAINT django_admin_log_action_flag_check CHECK ((action_flag >= 0))
);


ALTER TABLE public.django_admin_log OWNER TO admin;

--
-- Name: django_admin_log_id_seq; Type: SEQUENCE; Schema: public; Owner: admin
--

ALTER TABLE public.django_admin_log ALTER COLUMN id ADD GENERATED BY DEFAULT AS IDENTITY (
    SEQUENCE NAME public.django_admin_log_id_seq
    START WITH 1
    INCREMENT BY 1
    NO MINVALUE
    NO MAXVALUE
    CACHE 1
);


--
-- Name: django_content_type; Type: TABLE; Schema: public; Owner: admin
--

CREATE TABLE public.django_content_type (
    id integer NOT NULL,
    app_label character varying(100) NOT NULL,
    model character varying(100) NOT NULL
);


ALTER TABLE public.django_content_type OWNER TO admin;

--
-- Name: django_content_type_id_seq; Type: SEQUENCE; Schema: public; Owner: admin
--

ALTER TABLE public.django_content_type ALTER COLUMN id ADD GENERATED BY DEFAULT AS IDENTITY (
    SEQUENCE NAME public.django_content_type_id_seq
    START WITH 1
    INCREMENT BY 1
    NO MINVALUE
    NO MAXVALUE
    CACHE 1
);


--
-- Name: django_migrations; Type: TABLE; Schema: public; Owner: admin
--

CREATE TABLE public.django_migrations (
    id bigint NOT NULL,
    app character varying(255) NOT NULL,
    name character varying(255) NOT NULL,
    applied timestamp with time zone NOT NULL
);


ALTER TABLE public.django_migrations OWNER TO admin;

--
-- Name: django_migrations_id_seq; Type: SEQUENCE; Schema: public; Owner: admin
--

ALTER TABLE public.django_migrations ALTER COLUMN id ADD GENERATED BY DEFAULT AS IDENTITY (
    SEQUENCE NAME public.django_migrations_id_seq
    START WITH 1
    INCREMENT BY 1
    NO MINVALUE
    NO MAXVALUE
    CACHE 1
);


--
-- Name: django_session; Type: TABLE; Schema: public; Owner: admin
--

CREATE TABLE public.django_session (
    session_key character varying(40) NOT NULL,
    session_data text NOT NULL,
    expire_date timestamp with time zone NOT NULL
);


ALTER TABLE public.django_session OWNER TO admin;

--
-- Name: token_blacklist_blacklistedtoken; Type: TABLE; Schema: public; Owner: admin
--

CREATE TABLE public.token_blacklist_blacklistedtoken (
    id bigint NOT NULL,
    blacklisted_at timestamp with time zone NOT NULL,
    token_id bigint NOT NULL
);


ALTER TABLE public.token_blacklist_blacklistedtoken OWNER TO admin;

--
-- Name: token_blacklist_blacklistedtoken_id_seq; Type: SEQUENCE; Schema: public; Owner: admin
--

ALTER TABLE public.token_blacklist_blacklistedtoken ALTER COLUMN id ADD GENERATED BY DEFAULT AS IDENTITY (
    SEQUENCE NAME public.token_blacklist_blacklistedtoken_id_seq
    START WITH 1
    INCREMENT BY 1
    NO MINVALUE
    NO MAXVALUE
    CACHE 1
);


--
-- Name: token_blacklist_outstandingtoken; Type: TABLE; Schema: public; Owner: admin
--

CREATE TABLE public.token_blacklist_outstandingtoken (
    id bigint NOT NULL,
    token text NOT NULL,
    created_at timestamp with time zone,
    expires_at timestamp with time zone NOT NULL,
    user_id bigint,
    jti character varying(255) NOT NULL
);


ALTER TABLE public.token_blacklist_outstandingtoken OWNER TO admin;

--
-- Name: token_blacklist_outstandingtoken_id_seq; Type: SEQUENCE; Schema: public; Owner: admin
--

ALTER TABLE public.token_blacklist_outstandingtoken ALTER COLUMN id ADD GENERATED BY DEFAULT AS IDENTITY (
    SEQUENCE NAME public.token_blacklist_outstandingtoken_id_seq
    START WITH 1
    INCREMENT BY 1
    NO MINVALUE
    NO MAXVALUE
    CACHE 1
);


--
-- Data for Name: Profile_profile; Type: TABLE DATA; Schema: public; Owner: admin
--

COPY public."Profile_profile" (id, password, last_login, is_superuser, first_name, last_name, is_staff, is_active, date_joined, name, email, ph_no, role, slug, forgot_password_code) FROM stdin;
2	pbkdf2_sha256$1000000$OwCS6mDeah6l4g63GgA2Zx$hzjFez1q7c6XI0XRZVoYogGCrWiD8xvibCUkHpe44kg=	\N	f			f	t	2025-06-13 05:30:43.945+00	\N	test@user.com	\N		c5336390c00042d2_1749792644207	8b8a47458d6c4de2_1749792644207
4	pbkdf2_sha256$1000000$xI5txf0Ae8TSx2hKHJxhn4$HHnfewnYZlL+wqHogVenKUxXgFv4k7b6LZ9pMkkVLOI=	\N	f			f	t	2025-06-13 11:32:06.414+00	\N	user@example.com	\N	franchise_owner	54ff33e6898e4756_1749814326414	d7db927083c1460f_1749815655538
5	pbkdf2_sha256$1000000$FMLVy4DJddWcuLQiv9aQ5o$bVA13pzumER60wf+7sLgdgRdIF50ENfKKk0ZJZ8btJ4=	\N	f			f	t	2025-06-13 13:54:50.145+00	\N	user2@example.com	\N	outlet_owner	9dde3fe604e645a2_1749822890145	f9d305a57d084c52_1749822890145
1	pbkdf2_sha256$1000000$xdSBdS8u6RnCHWFdkIMfRz$D55PdH/KMnO+jfPiRaJMw1AAa4s4yXFY19t+o/Q9YzQ=	2025-07-01 12:45:54.104048+00	t			t	t	2025-06-11 18:43:33.263+00	Manav	manavshah1011.ms@gmail.com	9925717005		2f279ec4a72f488c_1749667413937	794a9e1fd9ab417c_1749730293581
\.


--
-- Data for Name: Profile_profile_groups; Type: TABLE DATA; Schema: public; Owner: admin
--

COPY public."Profile_profile_groups" (id, profile_id, group_id) FROM stdin;
\.


--
-- Data for Name: Profile_profile_user_permissions; Type: TABLE DATA; Schema: public; Owner: admin
--

COPY public."Profile_profile_user_permissions" (id, profile_id, permission_id) FROM stdin;
\.


--
-- Data for Name: Restaurant_franchise; Type: TABLE DATA; Schema: public; Owner: admin
--

COPY public."Restaurant_franchise" (id, name, slug, admin_id, subdomain) FROM stdin;
3	Test	ce3e5b235d3a418a_1749737758950	4	test
\.


--
-- Data for Name: Restaurant_menucategory; Type: TABLE DATA; Schema: public; Owner: admin
--

COPY public."Restaurant_menucategory" (id, name, description, is_active, slug, outlet_id, display_order, search_vector) FROM stdin;
1	Test Category Changed	It's a test category	t	0848c9e8f74c413c_1751029722979	2	1	'categori':2,8 'chang':3 'test':1,7
3	LDC	This is LDC 	t	0455c15e259240e1_1751364276720	2	0	'ldc':1,4
4	LDC2	This is my second branch LDC2	t	446c08b409114d12_1751364483926	2	0	'branch':6 'ldc2':1,7 'second':5
5	Martinoz	This is Martinoz 	t	0071702fb61b4eff_1751365284082	2	0	'martinoz':1,4
6	MacD	MacDMacDMacDMacDMacDMacDMacDMacDMacD	t	fe0dbce91ecc466d_1751367677001	2	0	'macd':1 'macdmacdmacdmacdmacdmacdmacdmacdmacd':2
2	Test Category 2	Test Category 2	t	e0b7ba31be904147_1751177085334	2	2	'2':3,6 'categori':2,5 'test':1,4
7	divyesh	dsryhsrhfhrtdrytrytytytytyty	t	b361ca2b10844838_1751390960107	2	0	'divyesh':1 'dsryhsrhfhrtdrytrytytytytyti':2
\.


--
-- Data for Name: Restaurant_menuitem; Type: TABLE DATA; Schema: public; Owner: admin
--

COPY public."Restaurant_menuitem" (id, name, description, price, is_available, image, slug, category_id, display_order, search_vector) FROM stdin;
40	pizza	A symphony of salty, melted cheese cascades over a crisp, hand-tossed Neapolitan crust.  The fragrant aroma of sun-ripened tomatoes and fresh basil dances in the air.  Each bite explodes with a symphony of textures – yielding cheese, airy crust, and bursting with flavor.  A vibrant, almost fiery, cascade of melted, golden goodness, this pizza embodies the heart of Italian culinary artistry, a true celebration of simple, intense pleasure.\n	221.00	t	menu_items/a4122008d5ee44ea_1751452341019.png	a4122008d5ee44ea_1751452341019	5	0	'air':31 'airi':42 'almost':50 'aroma':19 'artistri':65 'basil':27 'bite':33 'burst':45 'cascad':8,52 'celebr':68 'chees':7,41 'crisp':11 'crust':16,43 'culinari':64 'danc':28 'embodi':59 'explod':34 'fieri':51 'flavor':47 'fragrant':18 'fresh':26 'golden':55 'good':56 'hand':13 'hand-toss':12 'heart':61 'intens':71 'italian':63 'melt':6,54 'neapolitan':15 'pizza':1,58 'pleasur':72 'ripen':23 'salti':5 'simpl':70 'sun':22 'sun-ripen':21 'symphoni':3,37 'textur':39 'tomato':24 'toss':14 'true':67 'vibrant':49 'yield':40
24	Test Item	Just an test item	1.00	t	menu_items/92c1af33a79c4d1d_1751121092659.png	92c1af33a79c4d1d_1751121092659	1	1	'item':2,6 'test':1,5
5	Menu Item 1	Test Menu Item	120.00	t	menu_items/908e7284d83942e6_1751032010325.png	908e7284d83942e6_1751032010325	1	17	'1':3 'item':2,6 'menu':1,5 'test':4
17	Khaman	Khaman	70.00	t	menu_items/3252e2a3f1284dd7_1751050296787.png	3252e2a3f1284dd7_1751050296787	1	5	'khaman':1,2
6	Menu Item Updated	Updated Menu Item Again	1242.00	t	menu_items/809a6e2dafd5469e_1751032065132_c4ZZNK9.png	809a6e2dafd5469e_1751032065132	1	18	'item':2,6 'menu':1,5 'updat':3,4
11	Aloo Paratha	Aloo Paratha with cheese	70.00	t	menu_items/c5a6845a2a424b05_1751049437385.png	c5a6845a2a424b05_1751049437385	1	3	'aloo':1,3 'chees':6 'paratha':2,4
18	Poha	Poha	70.00	t	menu_items/1acc0853493c4cf8_1751050326196.png	1acc0853493c4cf8_1751050326196	1	4	'poha':1,2
12	Dry Manchurian	Dry Manchurian	70.00	t	menu_items/213a0f46f0564b86_1751049846584.png	213a0f46f0564b86_1751049846584	1	11	'dri':1,3 'manchurian':2,4
25	Italian Pizza	A Cheesy pizza with lots of toppings	190.00	t	menu_items/109e5b4666864706_1751132667126.png	109e5b4666864706_1751132667126	1	15	'cheesi':4 'italian':1 'lot':7 'pizza':2,5 'top':9
13	Idli Sambhar	Idli Sambhar	70.00	t	menu_items/37c960907fd7495a_1751049893735.png	37c960907fd7495a_1751049893735	1	19	'id':1,3 'sambhar':2,4
19	Dabeli	Dabeli	70.00	t	menu_items/668f6fa1798d4289_1751050371973.png	668f6fa1798d4289_1751050371973	1	6	'dabe':1,2
14	Masala Dosa	Masala Dosa	70.00	t	menu_items/651a98e12e75494e_1751049943672.png	651a98e12e75494e_1751049943672	1	2	'dosa':2,4 'masala':1,3
28	Italian Pizza	A Taste of Italy Our classic Italian masterpiece begins with a crust that yields with a satisfying crunch, baked to golden perfection. A fragrant base of sun-ripened tomato sauce, simmered with herbs, provides the foundation. Next, a generous blanket of creamy, bubbling mozzarella, stretching with every bite. Fresh basil leaves, glistening with olive oil, are scattered across the canvas, their vibrant aroma intermingling with the savory cheese. The result: a symphony of textures and tastes, transporting you directly to a sun-drenched pizzeria in Naples. Buon appetito!	200.00	t	menu_items/3570ce0835e44a25_1751172335757.png	3570ce0835e44a25_1751172335757	1	14	'across':61 'appetito':92 'aroma':66 'bake':21 'base':27 'basil':53 'begin':11 'bite':51 'blanket':43 'bubbl':46 'buon':91 'canva':63 'chees':71 'classic':8 'creami':45 'crunch':20 'crust':14 'direct':82 'drench':87 'everi':50 'foundat':39 'fragrant':26 'fresh':52 'generous':42 'glisten':55 'golden':23 'herb':36 'intermingl':67 'itali':6 'italian':1,9 'leav':54 'masterpiec':10 'mozzarella':47 'napl':90 'next':40 'oil':58 'oliv':57 'perfect':24 'pizza':2 'pizzeria':88 'provid':37 'result':73 'ripen':31 'satisfi':19 'sauc':33 'savori':70 'scatter':60 'simmer':34 'stretch':48 'sun':30,86 'sun-drench':85 'sun-ripen':29 'symphoni':75 'tast':4,79 'textur':77 'tomato':32 'transport':80 'vibrant':65 'yield':16
15	Chocolate Sandwich	Chocolate Sandwich	70.00	t	menu_items/d2f0b29e0c5140db_1751050100313.png	d2f0b29e0c5140db_1751050100313	1	8	'chocol':1,3 'sandwich':2,4
20	Butter Maskabun	Butter Maskabun	70.00	t	menu_items/04f4220de8014134_1751050419406.png	04f4220de8014134_1751050419406	1	9	'butter':1,3 'maskabun':2,4
16	Tea	Tea	70.00	t	menu_items/04e26862302849db_1751050251943.png	04e26862302849db_1751050251943	1	16	'tea':1,2
26	Frankie	Frankie is a wrap made with various stuffings and served as a street food snack served in various parts of India. A vegetarian frankie usually	190.00	t	menu_items/92abe9211fc9422d_1751133463062.png	92abe9211fc9422d_1751133463062	1	12	'food':15 'franki':1,2,25 'india':22 'made':6 'part':20 'serv':11,17 'snack':16 'street':14 'stuf':9 'usual':26 'various':8,19 'vegetarian':24 'wrap':5
21	Chocolate Maskabun	Chocolate Maskabun	40.00	t	menu_items/3e71252852014ac9_1751050453289.png	3e71252852014ac9_1751050453289	1	10	'chocol':1,3 'maskabun':2,4
23	Vegetable Sandwich	A wholesome sandwich stuffed with fresh cucumber, tomato, onion, and green chutney layered between soft bread slices.	70.00	t	menu_items/b2d1b0866166422b_1751051006811.png	b2d1b0866166422b_1751051006811	1	7	'bread':18 'chutney':14 'cucumb':9 'fresh':8 'green':13 'layer':15 'onion':11 'sandwich':2,5 'slice':19 'soft':17 'stuf':6 'tomato':10 'veget':1 'wholesom':4
27	Roti and Potato Garlic Sabji	Soft, warm, and freshly made, Roti is a classic Indian flatbread crafted from whole wheat flour, water, and a pinch of salt. Cooked on a hot griddle until lightly charred, it's puffed and golden — simple, healthy, and perfect for scooping up rich curries and flavorful sabjis. With its soft texture and earthy aroma, Roti complements any Indian meal and is a staple on every traditional thali.	120.00	t	menu_items/6bf9b02f620549e2_1751134405258.png	6bf9b02f620549e2_1751134405258	1	13	'aroma':59 'char':35 'classic':14 'complement':61 'cook':28 'craft':17 'curri':49 'earthi':58 'everi':70 'flatbread':16 'flavor':51 'flour':21 'fresh':9 'garlic':4 'golden':40 'griddl':32 'healthi':42 'hot':31 'indian':15,63 'light':34 'made':10 'meal':64 'perfect':44 'pinch':25 'potato':3 'puf':38 'rich':48 'roti':1,11,60 'sabji':5,52 'salt':27 'scoop':46 'simpl':41 'soft':6,55 'stapl':68 'textur':56 'thali':72 'tradit':71 'warm':7 'water':22 'wheat':20 'whole':19
29	test category 2 item	test category 2 item	33.00	t		9876543q578wdihnm0w9876	2	2	'2':3,7 'categori':2,6 'item':4,8 'test':1,5
41	Paneer Tikka Roll	A symphony of spiced, grilled paneer, enveloped in a delicate, warm tortilla.  Melted cheese whispers creamy indulgence, contrasting beautifully with the savory, smoky tikka.  Fragrant spices dance on the tongue, a burst of Indian flavor.  The roll's satisfying crunch and soft interior invite a delightful, comforting experience.  Each bite is a journey to the heart of Indian street food, reimagined with a touch of contemporary elegance.\n	198.00	t	menu_items/a2917a53ff91482f_1751459406604.png	a2917a53ff91482f_1751459406604	7	0	'beauti':22 'bite':53 'burst':35 'chees':17 'comfort':50 'contemporari':69 'contrast':21 'creami':19 'crunch':43 'danc':30 'delic':13 'delight':49 'eleg':70 'envelop':10 'experi':51 'flavor':38 'food':63 'fragrant':28 'grill':8 'heart':59 'indian':37,61 'indulg':20 'interior':46 'invit':47 'journey':56 'melt':16 'paneer':1,9 'reimagin':64 'roll':3,40 'satisfi':42 'savori':25 'smoki':26 'soft':45 'spice':7,29 'street':62 'symphoni':5 'tikka':2,27 'tongu':33 'tortilla':15 'touch':67 'warm':14 'whisper':18
30	Dal Pakwan	Dal Pakwan Dal Pakwan	40.00	t	menu_items/d9e974234826478d_1751357941905.png	d9e974234826478d_1751357941905	2	0	'dal':1,3,5 'pakwan':2,4,6
31	sdsdsdsdsd	sdsdsdsdsdsdsdsdsdsdsds	32.99	t	menu_items/76fc702e68ad40f6_1751363697496.png	76fc702e68ad40f6_1751363697496	2	0	'sdsdsdsdsd':1 'sdsdsdsdsdsdsdsdsdsdsds':2
32	image testing	image testing	22.00	t	menu_items/7898c407e00a469d_1751363845896.png	7898c407e00a469d_1751363845896	2	0	'imag':1,3 'test':2,4
33	UseEffect	Checking rendering of menu list	22.00	t	menu_items/f0b3f397bbfe413c_1751365188546.png	f0b3f397bbfe413c_1751365188546	3	0	'check':2 'list':6 'menu':5 'render':3 'useeffect':1
34	Paneer Butter Masala	A rich and creamy North Indian curry made with tender cubes of paneer (Indian cottage cheese) simmered in a buttery tomato-based gravy infused with aromatic spices. Best served with naan or jeera rice, this dish is known for its mildly sweet and mildly spicy flavor, making it a favorite across India.	320.00	t	menu_items/a9b2185bb29d4acb_1751376519211.png	a9b2185bb29d4acb_1751376519211	1	0	'across':55 'aromat':30 'base':26 'best':32 'butter':2 'butteri':23 'chees':19 'cottag':18 'creami':7 'cube':14 'curri':10 'dish':40 'favorit':54 'flavor':50 'gravi':27 'india':56 'indian':9,17 'infus':28 'jeera':37 'known':42 'made':11 'make':51 'masala':3 'mild':45,48 'naan':35 'north':8 'paneer':1,16 'rice':38 'rich':5 'serv':33 'simmer':20 'spice':31 'spici':49 'sweet':46 'tender':13 'tomato':25 'tomato-bas':24
35	Paneer Butter Masala	A rich and creamy North Indian curry made with tender cubes of paneer (Indian cottage cheese) simmered in a buttery tomato-based gravy infused with aromatic spices. Best served with naan or jeera rice, this dish is known for its mildly sweet and mildly spicy flavor, making it a favorite across India.	320.00	t	menu_items/aea4c8f250794a94_1751376633933.png	aea4c8f250794a94_1751376633933	1	0	'across':55 'aromat':30 'base':26 'best':32 'butter':2 'butteri':23 'chees':19 'cottag':18 'creami':7 'cube':14 'curri':10 'dish':40 'favorit':54 'flavor':50 'gravi':27 'india':56 'indian':9,17 'infus':28 'jeera':37 'known':42 'made':11 'make':51 'masala':3 'mild':45,48 'naan':35 'north':8 'paneer':1,16 'rice':38 'rich':5 'serv':33 'simmer':20 'spice':31 'spici':49 'sweet':46 'tender':13 'tomato':25 'tomato-bas':24
36	Paneer Butter Masala	A rich and creamy North Indian curry made with tender cubes of paneer (Indian cottage cheese) simmered in a buttery tomato-based gravy infused with aromatic spices. Best served with naan or jeera rice, this dish is known for its mildly sweet and mildly spicy flavor, making it a favorite across India	320.00	t	menu_items/6b49fa6dc40945a1_1751377161080.png	6b49fa6dc40945a1_1751377161080	1	0	'across':55 'aromat':30 'base':26 'best':32 'butter':2 'butteri':23 'chees':19 'cottag':18 'creami':7 'cube':14 'curri':10 'dish':40 'favorit':54 'flavor':50 'gravi':27 'india':56 'indian':9,17 'infus':28 'jeera':37 'known':42 'made':11 'make':51 'masala':3 'mild':45,48 'naan':35 'north':8 'paneer':1,16 'rice':38 'rich':5 'serv':33 'simmer':20 'spice':31 'spici':49 'sweet':46 'tender':13 'tomato':25 'tomato-bas':24
37	Fries	Fries with peri peri masala 	100.00	t	menu_items/835808f9906249eb_1751391886698.png	835808f9906249eb_1751391886698	6	0	'fri':1,2 'masala':6 'peri':4,5
38	test	Chezze loaded pizza	1231.00	t	menu_items/4eaed6334e5546a7_1751445688950.png	4eaed6334e5546a7_1751445688950	6	0	'chezz':2 'load':3 'pizza':4 'test':1
39	no image route testing	Vegetables loaded pizza with cold drink	3210.98	t	menu_items/a4f2ff19cf4e48ac_1751446006546.png	a4f2ff19cf4e48ac_1751446006546	6	0	'cold':9 'drink':10 'imag':2 'load':6 'pizza':7 'rout':3 'test':4 'veget':5
\.


--
-- Data for Name: Restaurant_order; Type: TABLE DATA; Schema: public; Owner: admin
--

COPY public."Restaurant_order" (id, order_date, status, total_amount, special_instructions, slug, outlet_id) FROM stdin;
\.


--
-- Data for Name: Restaurant_orderitem; Type: TABLE DATA; Schema: public; Owner: admin
--

COPY public."Restaurant_orderitem" (id, quantity, price, item_id, order_id) FROM stdin;
\.


--
-- Data for Name: Restaurant_outlet; Type: TABLE DATA; Schema: public; Owner: admin
--

COPY public."Restaurant_outlet" (id, name, slug, admin_id, franchise_id) FROM stdin;
2	Test Outlet	420a35a2a102426f_1749822804014	5	3
\.


--
-- Data for Name: auth_group; Type: TABLE DATA; Schema: public; Owner: admin
--

COPY public.auth_group (id, name) FROM stdin;
\.


--
-- Data for Name: auth_group_permissions; Type: TABLE DATA; Schema: public; Owner: admin
--

COPY public.auth_group_permissions (id, group_id, permission_id) FROM stdin;
\.


--
-- Data for Name: auth_permission; Type: TABLE DATA; Schema: public; Owner: admin
--

COPY public.auth_permission (id, name, content_type_id, codename) FROM stdin;
1	Can add log entry	1	add_logentry
2	Can change log entry	1	change_logentry
3	Can delete log entry	1	delete_logentry
4	Can view log entry	1	view_logentry
5	Can add permission	2	add_permission
6	Can change permission	2	change_permission
7	Can delete permission	2	delete_permission
8	Can view permission	2	view_permission
9	Can add group	3	add_group
10	Can change group	3	change_group
11	Can delete group	3	delete_group
12	Can view group	3	view_group
13	Can add content type	4	add_contenttype
14	Can change content type	4	change_contenttype
15	Can delete content type	4	delete_contenttype
16	Can view content type	4	view_contenttype
17	Can add session	5	add_session
18	Can change session	5	change_session
19	Can delete session	5	delete_session
20	Can view session	5	view_session
21	Can add blacklisted token	6	add_blacklistedtoken
22	Can change blacklisted token	6	change_blacklistedtoken
23	Can delete blacklisted token	6	delete_blacklistedtoken
24	Can view blacklisted token	6	view_blacklistedtoken
25	Can add outstanding token	7	add_outstandingtoken
26	Can change outstanding token	7	change_outstandingtoken
27	Can delete outstanding token	7	delete_outstandingtoken
28	Can view outstanding token	7	view_outstandingtoken
29	Can add user	8	add_profile
30	Can change user	8	change_profile
31	Can delete user	8	delete_profile
32	Can view user	8	view_profile
33	Can add menu category	9	add_menucategory
34	Can change menu category	9	change_menucategory
35	Can delete menu category	9	delete_menucategory
36	Can view menu category	9	view_menucategory
37	Can add order	10	add_order
38	Can change order	10	change_order
39	Can delete order	10	delete_order
40	Can view order	10	view_order
41	Can add franchise	11	add_franchise
42	Can change franchise	11	change_franchise
43	Can delete franchise	11	delete_franchise
44	Can view franchise	11	view_franchise
45	Can add menu item	12	add_menuitem
46	Can change menu item	12	change_menuitem
47	Can delete menu item	12	delete_menuitem
48	Can view menu item	12	view_menuitem
49	Can add order item	13	add_orderitem
50	Can change order item	13	change_orderitem
51	Can delete order item	13	delete_orderitem
52	Can view order item	13	view_orderitem
53	Can add outlet	14	add_outlet
54	Can change outlet	14	change_outlet
55	Can delete outlet	14	delete_outlet
56	Can view outlet	14	view_outlet
\.


--
-- Data for Name: django_admin_log; Type: TABLE DATA; Schema: public; Owner: admin
--

COPY public.django_admin_log (id, action_time, object_id, object_repr, action_flag, change_message, content_type_id, user_id) FROM stdin;
1	2025-06-12 14:10:26.166+00	1		3		9	1
2	2025-06-12 14:11:16.494+00	2		3		9	1
3	2025-06-13 05:30:44.208+00	2	test@user.com	1	[{"added": {}}]	6	1
4	2025-06-13 11:32:04.503+00	3	user@example.com	3		6	1
5	2025-06-13 13:53:22.263+00	1	Test Outlet	3		12	1
6	2025-06-27 13:02:35.212+00	5	user2@example.com	2	[{"changed": {"fields": ["password"]}}]	6	1
7	2025-06-27 13:46:48.189+00	4	Menu Item 1	3		10	1
8	2025-06-27 13:46:48.189+00	3	Menu Item 1	3		10	1
9	2025-06-27 13:46:48.189+00	2	Menu Item 1	3		10	1
10	2025-06-27 13:46:48.189+00	1	Menu Item 1	3		10	1
11	2025-06-27 18:34:43.062+00	9	Aloo Paratha	3		10	1
12	2025-06-27 18:34:43.062+00	8	Aloo Paratha	3		10	1
13	2025-06-27 18:34:43.062+00	7	Aloo Paratha	3		10	1
14	2025-06-27 18:36:52.412+00	10	Aloo Paratha	3		10	1
15	2025-06-27 19:02:35.963+00	22	Vegetable Sandwich	3		10	1
16	2025-06-29 19:31:35.229635+00	3	Test	2	[{"changed": {"fields": ["Subdomain"]}}]	11	1
17	2025-06-29 20:03:27.166688+00	3	Test Outlet 2	3		14	1
18	2025-07-01 05:42:20.203086+00	29	test category 2 item	1	[{"added": {}}]	12	1
19	2025-07-01 13:27:28.053611+00	4	Outlet 2	3		14	1
20	2025-07-01 13:51:28.788102+00	2	Test Category 2	2	[]	9	1
21	2025-07-01 13:51:52.304745+00	36	Paneer Butter Masala	2	[]	12	1
22	2025-07-01 14:09:09.47981+00	36	Paneer Butter Masala	2	[]	12	1
23	2025-07-01 14:09:29.600246+00	36	Paneer Butter Masala	2	[{"changed": {"fields": ["Description"]}}]	12	1
24	2025-07-01 14:10:00.971553+00	36	Paneer Butter Masala	2	[{"changed": {"fields": ["Description"]}}]	12	1
25	2025-07-01 14:10:29.00388+00	36	Paneer Butter Masala	2	[]	12	1
26	2025-07-01 14:10:39.774159+00	36	Paneer Butter Masala	2	[{"changed": {"fields": ["Description"]}}]	12	1
\.


--
-- Data for Name: django_content_type; Type: TABLE DATA; Schema: public; Owner: admin
--

COPY public.django_content_type (id, app_label, model) FROM stdin;
1	admin	logentry
2	auth	permission
3	auth	group
4	contenttypes	contenttype
5	sessions	session
6	token_blacklist	blacklistedtoken
7	token_blacklist	outstandingtoken
8	Profile	profile
9	Restaurant	menucategory
10	Restaurant	order
11	Restaurant	franchise
12	Restaurant	menuitem
13	Restaurant	orderitem
14	Restaurant	outlet
\.


--
-- Data for Name: django_migrations; Type: TABLE DATA; Schema: public; Owner: admin
--

COPY public.django_migrations (id, app, name, applied) FROM stdin;
1	contenttypes	0001_initial	2025-06-29 18:06:33.524007+00
2	contenttypes	0002_remove_content_type_name	2025-06-29 18:06:33.537325+00
3	auth	0001_initial	2025-06-29 18:06:33.638948+00
4	auth	0002_alter_permission_name_max_length	2025-06-29 18:06:33.648916+00
5	auth	0003_alter_user_email_max_length	2025-06-29 18:06:33.659075+00
6	auth	0004_alter_user_username_opts	2025-06-29 18:06:33.670713+00
7	auth	0005_alter_user_last_login_null	2025-06-29 18:06:33.681972+00
8	auth	0006_require_contenttypes_0002	2025-06-29 18:06:33.68661+00
9	auth	0007_alter_validators_add_error_messages	2025-06-29 18:06:33.697761+00
10	auth	0008_alter_user_username_max_length	2025-06-29 18:06:33.708538+00
11	auth	0009_alter_user_last_name_max_length	2025-06-29 18:06:33.720602+00
12	auth	0010_alter_group_name_max_length	2025-06-29 18:06:33.734152+00
13	auth	0011_update_proxy_permissions	2025-06-29 18:06:33.74473+00
14	auth	0012_alter_user_first_name_max_length	2025-06-29 18:06:33.756058+00
15	Profile	0001_initial	2025-06-29 18:06:33.878019+00
16	Restaurant	0001_initial	2025-06-29 18:06:34.129759+00
17	Restaurant	0002_menucategory_display_order_menuitem_display_order	2025-06-29 18:06:34.157822+00
18	Restaurant	0003_menucategory_search_vector_and_more	2025-06-29 18:06:34.192581+00
19	Restaurant	0004_alter_menucategory_search_vector	2025-06-29 18:06:34.207539+00
20	admin	0001_initial	2025-06-29 18:06:34.263971+00
21	admin	0002_logentry_remove_auto_add	2025-06-29 18:06:34.280138+00
22	admin	0003_logentry_add_action_flag_choices	2025-06-29 18:06:34.303972+00
23	sessions	0001_initial	2025-06-29 18:06:34.341107+00
24	token_blacklist	0001_initial	2025-06-29 18:06:34.43557+00
25	token_blacklist	0002_outstandingtoken_jti_hex	2025-06-29 18:06:34.45485+00
26	token_blacklist	0003_auto_20171017_2007	2025-06-29 18:06:34.485393+00
27	token_blacklist	0004_auto_20171017_2013	2025-06-29 18:06:34.519705+00
28	token_blacklist	0005_remove_outstandingtoken_jti	2025-06-29 18:06:34.541197+00
29	token_blacklist	0006_auto_20171017_2113	2025-06-29 18:06:34.564766+00
30	token_blacklist	0007_auto_20171017_2214	2025-06-29 18:06:34.72472+00
31	token_blacklist	0008_migrate_to_bigautofield	2025-06-29 18:06:34.830975+00
32	token_blacklist	0010_fix_migrate_to_bigautofield	2025-06-29 18:06:34.86688+00
33	token_blacklist	0011_linearizes_history	2025-06-29 18:06:34.87184+00
34	token_blacklist	0012_alter_outstandingtoken_user	2025-06-29 18:06:34.899447+00
35	Restaurant	0005_menuitem_search_vector_and_more	2025-06-29 18:56:36.80789+00
36	Restaurant	0006_franchise_subdomain	2025-06-29 19:31:21.162758+00
\.


--
-- Data for Name: django_session; Type: TABLE DATA; Schema: public; Owner: admin
--

COPY public.django_session (session_key, session_data, expire_date) FROM stdin;
5kmr7f0989svbgrrvs5so10ske37us94	.eJxVjEEOwiAQRe_C2pAinSm4dO8ZyAxMpWpKUtqV8e7SpAvdvv_ef6tA25rDVmUJU1IXZdTplzHFp8z7kB4034uOZV6XifWu6GOt-laSvK6H-3eQqeZWswEDcEay6AAtEg6eUyMOxdBg0Tty1PU-ci9Io0BqydgBIzdJ1OcLtqA3Tg:1uVuye:hwlAxPSYIrYI8eZqb_32GpXGqh0U-6L8X9LMDNk2O7Y	2025-07-13 16:34:00.368+00
e5ebpkic2llxudaoa9tgyz4gqyn7x322	.eJxVjEEOwiAQRe_C2pAinSm4dO8ZyAxMpWpKUtqV8e7SpAvdvv_ef6tA25rDVmUJU1IXZdTplzHFp8z7kB4034uOZV6XifWu6GOt-laSvK6H-3eQqeZWswEDcEay6AAtEg6eUyMOxdBg0Tty1PU-ci9Io0BqydgBIzdJ1OcLtqA3Tg:1uV8ix:Uw4uRVqXZD4Sx20kR1CZpxwSdYhbDZpcuSmPgbloOb4	2025-07-11 13:02:35.238+00
hoqw75m3qusbifdg2daovu6i395b0zw2	.eJxVjEEOwiAQRe_C2pAinSm4dO8ZyAxMpWpKUtqV8e7SpAvdvv_ef6tA25rDVmUJU1IXZdTplzHFp8z7kB4034uOZV6XifWu6GOt-laSvK6H-3eQqeZWswEDcEay6AAtEg6eUyMOxdBg0Tty1PU-ci9Io0BqydgBIzdJ1OcLtqA3Tg:1uVDhA:cwVNo7t9pyTlPeVUYoaz18C1_lLYq8sBRBPk2YbR_nc	2025-07-11 18:21:04.075+00
t4z0y705og86r5ymfta167f9s3qfuioh	.eJxVjEEOwiAQRe_C2pAinSm4dO8ZyAxMpWpKUtqV8e7SpAvdvv_ef6tA25rDVmUJU1IXZdTplzHFp8z7kB4034uOZV6XifWu6GOt-laSvK6H-3eQqeZWswEDcEay6AAtEg6eUyMOxdBg0Tty1PU-ci9Io0BqydgBIzdJ1OcLtqA3Tg:1uVtOL:A_QDYQ2A4_eiv2y2RMPT7FTDe1G0i_S3cBJ_jtAg7yE	2025-07-13 14:52:25.965+00
ucr2jup2yjxza6gb83un2tfvpfbn1s1k	.eJxVjEEOwiAQRe_C2pAinSm4dO8ZyAxMpWpKUtqV8e7SpAvdvv_ef6tA25rDVmUJU1IXZdTplzHFp8z7kB4034uOZV6XifWu6GOt-laSvK6H-3eQqeZWswEDcEay6AAtEg6eUyMOxdBg0Tty1PU-ci9Io0BqydgBIzdJ1OcLtqA3Tg:1uVZlu:NeN89tSlwmo99gx94GDrSo4EE7CzbpRMLTqkU-7X7ag	2025-07-12 17:55:26.652+00
w48ufealh4gbmvthidcw82io3bv0r4zg	.eJxVjEEOwiAQRe_C2pAinSm4dO8ZyAxMpWpKUtqV8e7SpAvdvv_ef6tA25rDVmUJU1IXZdTplzHFp8z7kB4034uOZV6XifWu6GOt-laSvK6H-3eQqeZWswEDcEay6AAtEg6eUyMOxdBg0Tty1PU-ci9Io0BqydgBIzdJ1OcLtqA3Tg:1uPgrA:Is5hg56U-KOZHKZRCckWMVgyVO-a5QN3qYKW92mWR-s	2025-06-26 12:16:32.273+00
0ywiyfg70wptbo490sg90o39gn56z935	.eJxVjEEOwiAQRe_C2pAinSm4dO8ZyAxMpWpKUtqV8e7SpAvdvv_ef6tA25rDVmUJU1IXZdTplzHFp8z7kB4034uOZV6XifWu6GOt-laSvK6H-3eQqeZWswEDcEay6AAtEg6eUyMOxdBg0Tty1PU-ci9Io0BqydgBIzdJ1OcLtqA3Tg:1uWAz0:2OcyBS-Rk6zSawykRBUAUVtI_2BOapWvlN7Lh77fiBg	2025-07-14 09:39:26.382143+00
8mknyr4pso9f2fu4r094g8osfa1vzmpb	.eJxVjEEOwiAQRe_C2pAinSm4dO8ZyAxMpWpKUtqV8e7SpAvdvv_ef6tA25rDVmUJU1IXZdTplzHFp8z7kB4034uOZV6XifWu6GOt-laSvK6H-3eQqeZWswEDcEay6AAtEg6eUyMOxdBg0Tty1PU-ci9Io0BqydgBIzdJ1OcLtqA3Tg:1uWIm2:JuvJxgBatEQIEd8bOUds4iTY-sSQgyqE_9pKSQH1vOk	2025-07-14 17:58:34.269464+00
r4zza5wqb5vumo1qt7ruzb81x9309r1v	.eJxVjEEOwiAQRe_C2pAinSm4dO8ZyAxMpWpKUtqV8e7SpAvdvv_ef6tA25rDVmUJU1IXZdTplzHFp8z7kB4034uOZV6XifWu6GOt-laSvK6H-3eQqeZWswEDcEay6AAtEg6eUyMOxdBg0Tty1PU-ci9Io0BqydgBIzdJ1OcLtqA3Tg:1uWaN0:0Oabgxq9zs_i9B8yGWshGN2MLL7r4TrmDrFY-HLNqfM	2025-07-15 12:45:54.112823+00
\.


--
-- Data for Name: token_blacklist_blacklistedtoken; Type: TABLE DATA; Schema: public; Owner: admin
--

COPY public.token_blacklist_blacklistedtoken (id, blacklisted_at, token_id) FROM stdin;
1	2025-06-12 11:41:03.251+00	1
2	2025-06-12 11:41:38.722+00	3
3	2025-06-13 05:35:20.226+00	20
4	2025-06-13 05:38:37.321+00	22
5	2025-06-13 05:38:54.614+00	23
6	2025-06-13 05:38:55.284+00	24
7	2025-06-13 05:38:55.798+00	25
8	2025-06-13 05:38:56.348+00	26
9	2025-06-13 05:38:57.012+00	27
10	2025-06-13 05:38:57.613+00	28
11	2025-06-13 05:38:58.091+00	29
12	2025-06-13 05:38:58.46+00	30
13	2025-06-13 05:38:58.827+00	31
14	2025-06-29 03:55:09.037+00	47
\.


--
-- Data for Name: token_blacklist_outstandingtoken; Type: TABLE DATA; Schema: public; Owner: admin
--

COPY public.token_blacklist_outstandingtoken (id, token, created_at, expires_at, user_id, jti) FROM stdin;
1	eyJhbGciOiJIUzI1NiIsInR5cCI6IkpXVCJ9.eyJ0b2tlbl90eXBlIjoicmVmcmVzaCIsImV4cCI6MTc0OTgxNDI0OCwiaWF0IjoxNzQ5NzI3ODQ4LCJqdGkiOiI2OGZlYTA3MGVlOWU0ZjQ3OTBkMGIwOTc3NmY4M2EwZiIsInVzZXJfaWQiOjF9.kWJIvhOzgehGqK4SsbMFGd0eJqZSEcbltnpq0LFGIPQ	2025-06-12 11:41:03.241+00	2025-06-13 11:30:48+00	1	68fea070ee9e4f4790d0b09776f83a0f
2	eyJhbGciOiJIUzI1NiIsInR5cCI6IkpXVCJ9.eyJ0b2tlbl90eXBlIjoicmVmcmVzaCIsImV4cCI6MTc1MDMzMzI2MywiaWF0IjoxNzQ5NzI4NDYzLCJqdGkiOiJmYTliMmE1MTlmZmY0ZTM1YWQxNjdlY2FhZTIwZjA0NyIsInVzZXJfaWQiOjF9.-IcnV3FE0hut9dArmmHc4K8ujykNLJWjQVTxultB-q4	2025-06-12 11:41:03.241+00	2025-06-19 11:41:03+00	1	fa9b2a519fff4e35ad167ecaae20f047
3	eyJhbGciOiJIUzI1NiIsInR5cCI6IkpXVCJ9.eyJ0b2tlbl90eXBlIjoicmVmcmVzaCIsImV4cCI6MTc1MDMzMzI4MywiaWF0IjoxNzQ5NzI4NDgzLCJqdGkiOiIxZTM4MmQzMzczM2U0YmI2OGFiZWViYTNhYjZlZjJiNSIsInVzZXJfaWQiOjF9.Cbx8WFBCnG2iFEJ5Fneu0tPtgwU1Jv63KgK0yo3Ni-I	2025-06-12 11:41:23.109+00	2025-06-19 11:41:23+00	1	1e382d33733e4bb68abeeba3ab6ef2b5
4	eyJhbGciOiJIUzI1NiIsInR5cCI6IkpXVCJ9.eyJ0b2tlbl90eXBlIjoicmVmcmVzaCIsImV4cCI6MTc1MDMzMzI5OCwiaWF0IjoxNzQ5NzI4NDk4LCJqdGkiOiI5M2M1MDBhZDQyYTQ0Yjc5YmM2OWIwMzNlZmUwYmE5OSIsInVzZXJfaWQiOjF9.H29KPqQNnpoAReCad4NWUZSNPEUuYjjlN3ZGN7P0dVM	2025-06-12 11:41:38.719+00	2025-06-19 11:41:38+00	1	93c500ad42a44b79bc69b033efe0ba99
5	eyJhbGciOiJIUzI1NiIsInR5cCI6IkpXVCJ9.eyJ0b2tlbl90eXBlIjoicmVmcmVzaCIsImV4cCI6MTc1MDMzMzc5NCwiaWF0IjoxNzQ5NzI4OTk0LCJqdGkiOiI4Mjc0MzJlOGQwYTA0Nzc2YWQ3MTVkNDA0MmUxY2FhZCIsInVzZXJfaWQiOjF9.6GLs5w-Xgc2tF1KwPGMHMsLve-l3h6gWY33FZmkKkLo	2025-06-12 11:49:54.227+00	2025-06-19 11:49:54+00	1	827432e8d0a04776ad715d4042e1caad
6	eyJhbGciOiJIUzI1NiIsInR5cCI6IkpXVCJ9.eyJ0b2tlbl90eXBlIjoicmVmcmVzaCIsImV4cCI6MTc1MDM5NTYyMCwiaWF0IjoxNzQ5NzkwODIwLCJqdGkiOiI1ZGYyZTQyMGU0ODI0MmRmYWQxNGIzYTQ1NzdkZWRiYyIsInVzZXJfaWQiOjF9.TohhDVgOH4CiGBt5SliGjAG0hivWENNsvuDw-WCpVBM	2025-06-13 05:00:20.272+00	2025-06-20 05:00:20+00	1	5df2e420e48242dfad14b3a4577dedbc
7	eyJhbGciOiJIUzI1NiIsInR5cCI6IkpXVCJ9.eyJ0b2tlbl90eXBlIjoicmVmcmVzaCIsImV4cCI6MTc1MDM5NTcxOSwiaWF0IjoxNzQ5NzkwOTE5LCJqdGkiOiJlYTc3NjhhMmU4ZDk0MmZmODA5ZDg5MzRjODY5ZGI5NiIsInVzZXJfaWQiOjF9.veHfD_FrwmmpFKRzYUG8-dwcWDTeKyjVnj6hZc-Z5G4	2025-06-13 05:01:59.451+00	2025-06-20 05:01:59+00	1	ea7768a2e8d942ff809d8934c869db96
8	eyJhbGciOiJIUzI1NiIsInR5cCI6IkpXVCJ9.eyJ0b2tlbl90eXBlIjoicmVmcmVzaCIsImV4cCI6MTc1MDM5NTc1OCwiaWF0IjoxNzQ5NzkwOTU4LCJqdGkiOiI4ZmFlOGRjMjE1Nzk0ZTcwOWZlMzY0NWYxODA0NDgzNiIsInVzZXJfaWQiOjF9.0qVrhCi31AFKOfTq7L5f2BPQXi1OscJ6v_ZP9tvtaYM	2025-06-13 05:02:38.099+00	2025-06-20 05:02:38+00	1	8fae8dc215794e709fe3645f18044836
9	eyJhbGciOiJIUzI1NiIsInR5cCI6IkpXVCJ9.eyJ0b2tlbl90eXBlIjoicmVmcmVzaCIsImV4cCI6MTc1MDM5NTc5OCwiaWF0IjoxNzQ5NzkwOTk4LCJqdGkiOiIxNDE2ZjUzYjhkZmE0Njc0ODhjYzIyOWRhZDI1MmVhOCIsInVzZXJfaWQiOjF9.y9LHTCojidnPjIEP-Ormnn4WUC6Gi0MEm1IW3QxVslQ	2025-06-13 05:03:18.285+00	2025-06-20 05:03:18+00	1	1416f53b8dfa467488cc229dad252ea8
10	eyJhbGciOiJIUzI1NiIsInR5cCI6IkpXVCJ9.eyJ0b2tlbl90eXBlIjoicmVmcmVzaCIsImV4cCI6MTc1MDM5NTgyNCwiaWF0IjoxNzQ5NzkxMDI0LCJqdGkiOiI5YTFiMTZjNjFkZWM0N2Y2OTZmZjhiZGQyMmQ3Mzc4OSIsInVzZXJfaWQiOjF9.ryc3lYfgTCjILkuyeUHJQYgZ7pMcTur7c8MGyJh8jeU	2025-06-13 05:03:44.909+00	2025-06-20 05:03:44+00	1	9a1b16c61dec47f696ff8bdd22d73789
11	eyJhbGciOiJIUzI1NiIsInR5cCI6IkpXVCJ9.eyJ0b2tlbl90eXBlIjoicmVmcmVzaCIsImV4cCI6MTc1MDM5NTg4NSwiaWF0IjoxNzQ5NzkxMDg1LCJqdGkiOiI2MmE0NTRlODZkMDQ0OWNiYWExY2U1ZTU2MzI5MzU5ZCIsInVzZXJfaWQiOjF9.zzU1WL8o6JPiXukLDA3bEcg7pPaJshcd09AbeL4sLaY	2025-06-13 05:04:45.514+00	2025-06-20 05:04:45+00	1	62a454e86d0449cbaa1ce5e56329359d
12	eyJhbGciOiJIUzI1NiIsInR5cCI6IkpXVCJ9.eyJ0b2tlbl90eXBlIjoicmVmcmVzaCIsImV4cCI6MTc1MDM5NjExNSwiaWF0IjoxNzQ5NzkxMzE1LCJqdGkiOiJiMjk2YTU5ZjVhZDQ0ZTA5ODljMDExNDc2Y2E1ZjYwMiIsInVzZXJfaWQiOjF9.aw8ASztcCEZQbPFtiXPptSSvKgt-GdB1zLLygMSSPYA	2025-06-13 05:08:35.38+00	2025-06-20 05:08:35+00	1	b296a59f5ad44e0989c011476ca5f602
13	eyJhbGciOiJIUzI1NiIsInR5cCI6IkpXVCJ9.eyJ0b2tlbl90eXBlIjoicmVmcmVzaCIsImV4cCI6MTc1MDM5NjE4NSwiaWF0IjoxNzQ5NzkxMzg1LCJqdGkiOiJkZGZjYTViM2M2YjE0MmQyYTI2ZjViYTY0MmMxYzMyYiIsInVzZXJfaWQiOjF9.cZZRIPGTCxjHt_-zxLq5hoFVjyvBsi4zC3BjXklchVU	2025-06-13 05:09:45.938+00	2025-06-20 05:09:45+00	1	ddfca5b3c6b142d2a26f5ba642c1c32b
14	eyJhbGciOiJIUzI1NiIsInR5cCI6IkpXVCJ9.eyJ0b2tlbl90eXBlIjoicmVmcmVzaCIsImV4cCI6MTc1MDM5NjE5NCwiaWF0IjoxNzQ5NzkxMzk0LCJqdGkiOiI4ZTkzNTg1MjJlMTM0N2I4YmJmM2M4NjA3MjhlYjFiNiIsInVzZXJfaWQiOjF9.5hj0UhEfzSctBetbw-B7kjdszDiyJNOZk4sGyWZFIus	2025-06-13 05:09:54.621+00	2025-06-20 05:09:54+00	1	8e9358522e1347b8bbf3c860728eb1b6
15	eyJhbGciOiJIUzI1NiIsInR5cCI6IkpXVCJ9.eyJ0b2tlbl90eXBlIjoicmVmcmVzaCIsImV4cCI6MTc1MDM5NjIzOCwiaWF0IjoxNzQ5NzkxNDM4LCJqdGkiOiI1ZTcwYTY4NGQ3YmI0ODVjYmYwMDIzNzEwOTZhNDVkZCIsInVzZXJfaWQiOjF9.6I2UETvDxGJXqM5EPEvJiHERllLlQr1tIzxNRjFAItY	2025-06-13 05:10:38.905+00	2025-06-20 05:10:38+00	1	5e70a684d7bb485cbf002371096a45dd
16	eyJhbGciOiJIUzI1NiIsInR5cCI6IkpXVCJ9.eyJ0b2tlbl90eXBlIjoicmVmcmVzaCIsImV4cCI6MTc1MDM5NjI1NiwiaWF0IjoxNzQ5NzkxNDU2LCJqdGkiOiI2YWYwNzQxZDhmMTI0OTBlYTlkNmZlMGU5MzU2MzY5ZCIsInVzZXJfaWQiOjF9.blrcXE9q3Kn7Q_ItMPgBxfKD4Fp3PL2tDVOK5iE-Vn8	2025-06-13 05:10:56.518+00	2025-06-20 05:10:56+00	1	6af0741d8f12490ea9d6fe0e9356369d
17	eyJhbGciOiJIUzI1NiIsInR5cCI6IkpXVCJ9.eyJ0b2tlbl90eXBlIjoicmVmcmVzaCIsImV4cCI6MTc1MDM5NjI2OSwiaWF0IjoxNzQ5NzkxNDY5LCJqdGkiOiIyMGI5OTFiOGJiMGU0YWVhODEwNTZkYmJiMjNjYWY3MiIsInVzZXJfaWQiOjF9.CjE-g_UNR3-8_SJZzZIK4dwO9KBWBcB6QD7PVv5-7Z4	2025-06-13 05:11:09.946+00	2025-06-20 05:11:09+00	1	20b991b8bb0e4aea81056dbbb23caf72
18	eyJhbGciOiJIUzI1NiIsInR5cCI6IkpXVCJ9.eyJ0b2tlbl90eXBlIjoicmVmcmVzaCIsImV4cCI6MTc1MDM5NjMwOSwiaWF0IjoxNzQ5NzkxNTA5LCJqdGkiOiI2ZTc3Mzc2OWYxY2M0NmQ3OTdkM2ZkMTBjYzc0ZmUzYiIsInVzZXJfaWQiOjF9.KY4bag88d50Er_pkmdjgl4Hc_zYa11FyvX1hozvG7KE	2025-06-13 05:11:49.064+00	2025-06-20 05:11:49+00	1	6e773769f1cc46d797d3fd10cc74fe3b
19	eyJhbGciOiJIUzI1NiIsInR5cCI6IkpXVCJ9.eyJ0b2tlbl90eXBlIjoicmVmcmVzaCIsImV4cCI6MTc1MDM5NzQ1OCwiaWF0IjoxNzQ5NzkyNjU4LCJqdGkiOiIxOGI5YTRlNmIwZmY0ZjUzYTZmNGI4YTFmMjZhODNlYyIsInVzZXJfaWQiOjJ9.oqLG6EWDX5rCmHMeZvkP6FIPdNzhn9bMS5kF7im_2-A	2025-06-13 05:30:58.757+00	2025-06-20 05:30:58+00	2	18b9a4e6b0ff4f53a6f4b8a1f26a83ec
20	eyJhbGciOiJIUzI1NiIsInR5cCI6IkpXVCJ9.eyJ0b2tlbl90eXBlIjoicmVmcmVzaCIsImV4cCI6MTc1MDM5NzQ5NSwiaWF0IjoxNzQ5NzkyNjk1LCJqdGkiOiI1NTZlMzE3MzdlNGM0MjAyOWUyNjM3ZGZlZTU5MmI3NiIsInVzZXJfaWQiOjF9.76HPgoxW9bJYeZF_r-jbdO3btdjlaXl2wM3h5R_lhDs	2025-06-13 05:31:35.826+00	2025-06-20 05:31:35+00	1	556e31737e4c42029e2637dfee592b76
21	eyJhbGciOiJIUzI1NiIsInR5cCI6IkpXVCJ9.eyJ0b2tlbl90eXBlIjoicmVmcmVzaCIsImV4cCI6MTc1MDM5NzcyMCwiaWF0IjoxNzQ5NzkyOTIwLCJqdGkiOiJiNjJmZTJmYzI0Mzk0NTg2OTFjOTc5NWFkNjZkODYyMCIsInVzZXJfaWQiOjF9.4yU6Q4OTZtx4SN7qlI4qF-r-Y04X4E_hFNX8sV4x8Q8	2025-06-13 05:35:20.22+00	2025-06-20 05:35:20+00	1	b62fe2fc2439458691c9795ad66d8620
22	eyJhbGciOiJIUzI1NiIsInR5cCI6IkpXVCJ9.eyJ0b2tlbl90eXBlIjoicmVmcmVzaCIsImV4cCI6MTc1MDM5NzgzOSwiaWF0IjoxNzQ5NzkzMDM5LCJqdGkiOiJmZDVjMWRhOTlmOTk0ODMxOTY3YjM3MmQxZjJhYzM1ZiIsInVzZXJfaWQiOjF9.h5DTGSe-7f1jswfojY3tv8Ae1Klb2LDzJkV0jOPdRng	2025-06-13 05:37:19.157+00	2025-06-20 05:37:19+00	1	fd5c1da99f994831967b372d1f2ac35f
23	eyJhbGciOiJIUzI1NiIsInR5cCI6IkpXVCJ9.eyJ0b2tlbl90eXBlIjoicmVmcmVzaCIsImV4cCI6MTc1MDM5NzkxNywiaWF0IjoxNzQ5NzkzMTE3LCJqdGkiOiJjMDQyNWFmNjY4YzA0MTk5OWU5YTg0MmVmNmVhY2QzMiIsInVzZXJfaWQiOjF9.VIwr6CxfqlO-YIvtg1IHMUxlshSvE0Ge5EU13xbcerY	2025-06-13 05:38:37.319+00	2025-06-20 05:38:37+00	1	c0425af668c041999e9a842ef6eacd32
24	eyJhbGciOiJIUzI1NiIsInR5cCI6IkpXVCJ9.eyJ0b2tlbl90eXBlIjoicmVmcmVzaCIsImV4cCI6MTc1MDM5NzkzNCwiaWF0IjoxNzQ5NzkzMTM0LCJqdGkiOiIxNDhmMDg0NTg1ZjQ0ODk0OTFiNDQ2MjQ3YTdjYzIyZCIsInVzZXJfaWQiOjF9.FlSIoGI8Xr0sMYrF1CFkG3yudkK2h8U-yxDrq0W3YTQ	2025-06-13 05:38:54.612+00	2025-06-20 05:38:54+00	1	148f084585f4489491b446247a7cc22d
25	eyJhbGciOiJIUzI1NiIsInR5cCI6IkpXVCJ9.eyJ0b2tlbl90eXBlIjoicmVmcmVzaCIsImV4cCI6MTc1MDM5NzkzNSwiaWF0IjoxNzQ5NzkzMTM1LCJqdGkiOiI2NDAyNzA2ZDk0ODc0NTRiODhkNzJkNDdkZDViMDVhOSIsInVzZXJfaWQiOjF9.a9DKhV4VHsvmTskeg46rSATJepVE7fgv9rnfCnsksYM	2025-06-13 05:38:55.282+00	2025-06-20 05:38:55+00	1	6402706d9487454b88d72d47dd5b05a9
26	eyJhbGciOiJIUzI1NiIsInR5cCI6IkpXVCJ9.eyJ0b2tlbl90eXBlIjoicmVmcmVzaCIsImV4cCI6MTc1MDM5NzkzNSwiaWF0IjoxNzQ5NzkzMTM1LCJqdGkiOiIxZWI0ZjgwZTliYTg0MmVmYmI0MGJiY2QyMzgzNmQxNSIsInVzZXJfaWQiOjF9.0ceSQ4Bc9wA5C-MhA4cxA02iuAmQARLjdeq0znEP6FU	2025-06-13 05:38:55.796+00	2025-06-20 05:38:55+00	1	1eb4f80e9ba842efbb40bbcd23836d15
27	eyJhbGciOiJIUzI1NiIsInR5cCI6IkpXVCJ9.eyJ0b2tlbl90eXBlIjoicmVmcmVzaCIsImV4cCI6MTc1MDM5NzkzNiwiaWF0IjoxNzQ5NzkzMTM2LCJqdGkiOiJiYjRhZDExMzI5MGQ0YjlkYmZkZTgyM2JiZDZkMGI3MyIsInVzZXJfaWQiOjF9.gkfOVIK5ZQ0UKtHdC2sAugEPUYlIEW3Nw7Vz0loSn8g	2025-06-13 05:38:56.346+00	2025-06-20 05:38:56+00	1	bb4ad113290d4b9dbfde823bbd6d0b73
28	eyJhbGciOiJIUzI1NiIsInR5cCI6IkpXVCJ9.eyJ0b2tlbl90eXBlIjoicmVmcmVzaCIsImV4cCI6MTc1MDM5NzkzNywiaWF0IjoxNzQ5NzkzMTM3LCJqdGkiOiI4Mjk3NGJiMDRkOWE0NDYzOTFmYzlmMjM1NjU5N2M1MyIsInVzZXJfaWQiOjF9.uwGL8acy9uKrTR0DWHSE30gFcTHNu0HPwkMTag93T_Q	2025-06-13 05:38:57.01+00	2025-06-20 05:38:57+00	1	82974bb04d9a446391fc9f2356597c53
29	eyJhbGciOiJIUzI1NiIsInR5cCI6IkpXVCJ9.eyJ0b2tlbl90eXBlIjoicmVmcmVzaCIsImV4cCI6MTc1MDM5NzkzNywiaWF0IjoxNzQ5NzkzMTM3LCJqdGkiOiIyOWMxZGNjZTA3MWI0Zjc4ODRhMmM5ZmI5YzMwODY5MCIsInVzZXJfaWQiOjF9.6HAZkoY3fb1k0s5SdwkpjwrmCMymtoPuu9j8y651JxQ	2025-06-13 05:38:57.61+00	2025-06-20 05:38:57+00	1	29c1dcce071b4f7884a2c9fb9c308690
30	eyJhbGciOiJIUzI1NiIsInR5cCI6IkpXVCJ9.eyJ0b2tlbl90eXBlIjoicmVmcmVzaCIsImV4cCI6MTc1MDM5NzkzOCwiaWF0IjoxNzQ5NzkzMTM4LCJqdGkiOiI2YjVlMDBjOGQ0ZDA0NmZlOGI5NWQ3MmQ5NjY2YmFiMiIsInVzZXJfaWQiOjF9.f_EXbjBbHMLMsw5jcuBufkaPSjbmJ8qOW0mVn6Agg1A	2025-06-13 05:38:58.089+00	2025-06-20 05:38:58+00	1	6b5e00c8d4d046fe8b95d72d9666bab2
31	eyJhbGciOiJIUzI1NiIsInR5cCI6IkpXVCJ9.eyJ0b2tlbl90eXBlIjoicmVmcmVzaCIsImV4cCI6MTc1MDM5NzkzOCwiaWF0IjoxNzQ5NzkzMTM4LCJqdGkiOiIyOWU3MzVhYmI1ZDI0YWI5YWEwMWRmYjkzNTk5N2M1ZiIsInVzZXJfaWQiOjF9.1JPwSjTLIe4ZAWCHlbepOvfRiB-E5f-KRpF8Ci36Vk0	2025-06-13 05:38:58.458+00	2025-06-20 05:38:58+00	1	29e735abb5d24ab9aa01dfb935997c5f
32	eyJhbGciOiJIUzI1NiIsInR5cCI6IkpXVCJ9.eyJ0b2tlbl90eXBlIjoicmVmcmVzaCIsImV4cCI6MTc1MDM5NzkzOCwiaWF0IjoxNzQ5NzkzMTM4LCJqdGkiOiIwZmFkMWJhZDlhNWI0Y2ExODJiNTNhOGE5MWQ4ZWU0NSIsInVzZXJfaWQiOjF9.2jHqyfTCEIppu4sBL8Jr_nk7E9E7_uPIj6a7DAhwx0c	2025-06-13 05:38:58.825+00	2025-06-20 05:38:58+00	1	0fad1bad9a5b4ca182b53a8a91d8ee45
33	eyJhbGciOiJIUzI1NiIsInR5cCI6IkpXVCJ9.eyJ0b2tlbl90eXBlIjoicmVmcmVzaCIsImV4cCI6MTc1MDQyMDQ5OCwiaWF0IjoxNzQ5ODE1Njk4LCJqdGkiOiIwMDBiMzRlMzNkOGE0ZWJjOGZiZGMxNzBjMzY4YmM1MiIsInVzZXJfaWQiOjR9.sq87mTKQRSi0G5Vk26ayaTpREz81lGYuIaaqgFFVvME	2025-06-13 11:54:58.814+00	2025-06-20 11:54:58+00	4	000b34e33d8a4ebc8fbdc170c368bc52
34	eyJhbGciOiJIUzI1NiIsInR5cCI6IkpXVCJ9.eyJ0b2tlbl90eXBlIjoicmVmcmVzaCIsImV4cCI6MTc1MTAyNjg4MiwiaWF0IjoxNzUwNDIyMDgyLCJqdGkiOiI4MDhmOTBhMDkyYzU0MjhiOTExOGM1ZGVjNzc5MzAzOCIsInVzZXJfaWQiOjF9.QbPvEonnUwH2YM4d2LAY76dhw_vT2OjcelKtMibUiOQ	2025-06-20 12:21:22.396+00	2025-06-27 12:21:22+00	1	808f90a092c5428b9118c5dec7793038
35	eyJhbGciOiJIUzI1NiIsInR5cCI6IkpXVCJ9.eyJ0b2tlbl90eXBlIjoicmVmcmVzaCIsImV4cCI6MTc1MTAyNjk1NSwiaWF0IjoxNzUwNDIyMTU1LCJqdGkiOiI2ZmZjNWZmMzcwZDU0YmZhYjQ0NWI1M2M0NjE1MDgzOCIsInVzZXJfaWQiOjF9.FNDq25fiVe1uXA3Dd2eNhnXJL66B9ex2n-OyNnZIItA	2025-06-20 12:22:35.651+00	2025-06-27 12:22:35+00	1	6ffc5ff370d54bfab445b53c46150838
36	eyJhbGciOiJIUzI1NiIsInR5cCI6IkpXVCJ9.eyJ0b2tlbl90eXBlIjoicmVmcmVzaCIsImV4cCI6MTc1MTAyNzM2MCwiaWF0IjoxNzUwNDIyNTYwLCJqdGkiOiJmNDczNDAyODUwOTQ0MDZmOGY0MjU5MGMyZDVkNWFjMiIsInVzZXJfaWQiOjF9.cQNau4eMUJFUsB0kua8AAe5sCU1fs3V-hN5FzSA4-do	2025-06-20 12:29:20.469+00	2025-06-27 12:29:20+00	1	f47340285094406f8f42590c2d5d5ac2
37	eyJhbGciOiJIUzI1NiIsInR5cCI6IkpXVCJ9.eyJ0b2tlbl90eXBlIjoicmVmcmVzaCIsImV4cCI6MTc1MTAyNzk5MywiaWF0IjoxNzUwNDIzMTkzLCJqdGkiOiI3NDc4OGI5OTIyNGQ0ZGJlOWY0M2YyZGM5ZTFhMTlmNyIsInVzZXJfaWQiOjR9.tZjiU4xpgfO2Yp2Zip44Ms9oZAjpfl9GN17mPPUSAuE	2025-06-20 12:39:53.019+00	2025-06-27 12:39:53+00	4	74788b99224d4dbe9f43f2dc9e1a19f7
38	eyJhbGciOiJIUzI1NiIsInR5cCI6IkpXVCJ9.eyJ0b2tlbl90eXBlIjoicmVmcmVzaCIsImV4cCI6MTc1MTYzMzIyNywiaWF0IjoxNzUxMDI4NDI3LCJqdGkiOiJhOTY3ZDU2OWJjNjI0ODU1OWM0NTIxZWZiOWY0ODY3YSIsInVzZXJfaWQiOjF9.eXXj7EkF0u12ssDgr1tyUlZQcZ_QhxH4mCY9TlakMv0	2025-06-27 12:47:07.001+00	2025-07-04 12:47:07+00	1	a967d569bc6248559c4521efb9f4867a
39	eyJhbGciOiJIUzI1NiIsInR5cCI6IkpXVCJ9.eyJ0b2tlbl90eXBlIjoicmVmcmVzaCIsImV4cCI6MTc1MTYzMzI3NiwiaWF0IjoxNzUxMDI4NDc2LCJqdGkiOiJmYzllNWEyYWM3ZjI0OTY2YjdlMTU0MjZhMWU0ZmJjYiIsInVzZXJfaWQiOjF9.8S9WQGMDZLhN-3w3jksnhSzdRqBmIK10V8ggPfCr0ow	2025-06-27 12:47:56.449+00	2025-07-04 12:47:56+00	1	fc9e5a2ac7f24966b7e15426a1e4fbcb
40	eyJhbGciOiJIUzI1NiIsInR5cCI6IkpXVCJ9.eyJ0b2tlbl90eXBlIjoicmVmcmVzaCIsImV4cCI6MTc1MTYzNDE1OSwiaWF0IjoxNzUxMDI5MzU5LCJqdGkiOiJmZmUwMzliYzQ1ZmI0NzhlOWNjNTQxM2IwNWM4NTllYyIsInVzZXJfaWQiOjV9.MiiePj1ymtaOaLBRT6nNaguCCQXmIoTvFU1yVpGFlbs	2025-06-27 13:02:39.278+00	2025-07-04 13:02:39+00	5	ffe039bc45fb478e9cc5413b05c859ec
41	eyJhbGciOiJIUzI1NiIsInR5cCI6IkpXVCJ9.eyJ0b2tlbl90eXBlIjoicmVmcmVzaCIsImV4cCI6MTc1MTYzNDI1MywiaWF0IjoxNzUxMDI5NDUzLCJqdGkiOiI5OTlkOWQ2ZGQ0MDY0ZDRiYWM2ZDgxN2IwNGQyNmJkNCIsInVzZXJfaWQiOjV9.imcgH6zQhmh-FoatNU4IhPG0HezBW9WIeXIzGmUO0n0	2025-06-27 13:04:13.706+00	2025-07-04 13:04:13+00	5	999d9d6dd4064d4bac6d817b04d26bd4
42	eyJhbGciOiJIUzI1NiIsInR5cCI6IkpXVCJ9.eyJ0b2tlbl90eXBlIjoicmVmcmVzaCIsImV4cCI6MTc1MTY1MzMxMCwiaWF0IjoxNzUxMDQ4NTEwLCJqdGkiOiI2ZTkwMTNmODIyMTc0Mzc0OTE2OTU3MTQyZDdlY2M1NSIsInVzZXJfaWQiOjV9.Il2iGw3CGQHTzpfcXoV7SuaPeRaObSLgDAS8x-7H05w	2025-06-27 18:21:50.151+00	2025-07-04 18:21:50+00	5	6e9013f822174374916957142d7ecc55
43	eyJhbGciOiJIUzI1NiIsInR5cCI6IkpXVCJ9.eyJ0b2tlbl90eXBlIjoicmVmcmVzaCIsImV4cCI6MTc1MTcyMjQ0MywiaWF0IjoxNzUxMTE3NjQzLCJqdGkiOiI1NmRjNWZhMTdhMjg0MzExYjgxNjRlYzVkYmY3YWUxMiIsInVzZXJfaWQiOjF9.IBFXp9MxbeK8MkrLPjIvMbVsNRqwxOUSbRE0MPqD4WY	2025-06-28 13:34:03.624+00	2025-07-05 13:34:03+00	1	56dc5fa17a284311b8164ec5dbf7ae12
44	eyJhbGciOiJIUzI1NiIsInR5cCI6IkpXVCJ9.eyJ0b2tlbl90eXBlIjoicmVmcmVzaCIsImV4cCI6MTc1MTcyNTY4OSwiaWF0IjoxNzUxMTIwODg5LCJqdGkiOiIwZTFkMGU4M2UxMmI0ZWMyOTlhODQ0NWMxOGY5ZDYxZSIsInVzZXJfaWQiOjV9.krz02YxC0XUfvmoYR7gZiRQqbzbtN5IE6CA_QaV1Ky0	2025-06-28 14:28:09.382+00	2025-07-05 14:28:09+00	5	0e1d0e83e12b4ec299a8445c18f9d61e
45	eyJhbGciOiJIUzI1NiIsInR5cCI6IkpXVCJ9.eyJ0b2tlbl90eXBlIjoicmVmcmVzaCIsImV4cCI6MTc1MTczNzAwOCwiaWF0IjoxNzUxMTMyMjA4LCJqdGkiOiI3YTk2ZTBmMDU3MWY0OTljYWI1ODgyZGM4MjBkZjk0NSIsInVzZXJfaWQiOjF9.31z4VoSuTRiuHLWtpWyNjk7QFcl0K_shW3nRP8I2GC8	2025-06-28 17:36:48.268+00	2025-07-05 17:36:48+00	1	7a96e0f0571f499cab5882dc820df945
46	eyJhbGciOiJIUzI1NiIsInR5cCI6IkpXVCJ9.eyJ0b2tlbl90eXBlIjoicmVmcmVzaCIsImV4cCI6MTc1MTczNzQ1MywiaWF0IjoxNzUxMTMyNjUzLCJqdGkiOiI3ZDM0YmQwMzYyMDk0ZjI4OGE5MGM3NjRmMWExOTEyMCIsInVzZXJfaWQiOjV9.lF4IaCnpHb63hFJFgins5o_bcEIN_aAOS72kLwWFyLQ	2025-06-28 17:44:13.87+00	2025-07-05 17:44:13+00	5	7d34bd0362094f288a90c764f1a19120
47	eyJhbGciOiJIUzI1NiIsInR5cCI6IkpXVCJ9.eyJ0b2tlbl90eXBlIjoicmVmcmVzaCIsImV4cCI6MTc1MTc3NDA2OCwiaWF0IjoxNzUxMTY5MjY4LCJqdGkiOiI1NjBhNDM0ZTk5NDQ0NGRmODdmZjc5N2E0NTY5ZjUwMiIsInVzZXJfaWQiOjV9.lO1W2-fwiI72E7Fip0ZgFzSXbNy3fA1nYwMe10JNhFA	2025-06-29 03:54:28.331+00	2025-07-06 03:54:28+00	5	560a434e994444df87ff797a4569f502
48	eyJhbGciOiJIUzI1NiIsInR5cCI6IkpXVCJ9.eyJ0b2tlbl90eXBlIjoicmVmcmVzaCIsImV4cCI6MTc1MTc3NDEwOSwiaWF0IjoxNzUxMTY5MzA5LCJqdGkiOiJmZjJjN2QyOGZkMWE0MWY5YmE0YmZmYzhiMGNlNmU3YSIsInVzZXJfaWQiOjV9.GPntE2wooFq84JUQHk_fMoIS3YU5okZdMNbtM8bt_2A	2025-06-29 03:55:09.027+00	2025-07-06 03:55:09+00	5	ff2c7d28fd1a41f9ba4bffc8b0ce6e7a
49	eyJhbGciOiJIUzI1NiIsInR5cCI6IkpXVCJ9.eyJ0b2tlbl90eXBlIjoicmVmcmVzaCIsImV4cCI6MTc1MTc3NDcxOCwiaWF0IjoxNzUxMTY5OTE4LCJqdGkiOiI1YmEzZTcxMDNiM2I0NjYxYjY4NDRhYzJhMzY0YWRmZCIsInVzZXJfaWQiOjV9.uPJmhWX-XhpLC6UdQiajdndkLnbvQr0_AqIivekR1Vo	2025-06-29 04:05:18.826+00	2025-07-06 04:05:18+00	5	5ba3e7103b3b4661b6844ac2a364adfd
50	eyJhbGciOiJIUzI1NiIsInR5cCI6IkpXVCJ9.eyJ0b2tlbl90eXBlIjoicmVmcmVzaCIsImV4cCI6MTc1MTc3NTY5OSwiaWF0IjoxNzUxMTcwODk5LCJqdGkiOiJkZmE3NjQ1YjQ3ZDk0ZDBkYTM1ZTczOTU4ZjE4YjlmNiIsInVzZXJfaWQiOjV9.0RX-3s7EiEYjzQcJRazFxwafsDbwS2mqQlrZhCReL0E	2025-06-29 04:21:39.739+00	2025-07-06 04:21:39+00	5	dfa7645b47d94d0da35e73958f18b9f6
51	eyJhbGciOiJIUzI1NiIsInR5cCI6IkpXVCJ9.eyJ0b2tlbl90eXBlIjoicmVmcmVzaCIsImV4cCI6MTc1MTgxMzE2OSwiaWF0IjoxNzUxMjA4MzY5LCJqdGkiOiJhMjg0YWVlNDE5YmM0YWUzODU1MGQyYTg3ZmFkOGM0MyIsInVzZXJfaWQiOjF9.AZ5nvHDkNwNgKaOXPONTcDwpWGumzd3Upwtpk6gIKX8	2025-06-29 14:46:09.827+00	2025-07-06 14:46:09+00	1	a284aee419bc4ae38550d2a87fad8c43
52	eyJhbGciOiJIUzI1NiIsInR5cCI6IkpXVCJ9.eyJ0b2tlbl90eXBlIjoicmVmcmVzaCIsImV4cCI6MTc1MTgxNDIwNSwiaWF0IjoxNzUxMjA5NDA1LCJqdGkiOiJmNDhmMmIyZjRjNGQ0NGY5OTVhMDAwYmNkM2ZmYzZjOCIsInVzZXJfaWQiOjV9.nqSvZhuX6LgBGCjw_5Dkzj0ICVPlxzoowcRjMkYnsw8	2025-06-29 15:03:25.571+00	2025-07-06 15:03:25+00	5	f48f2b2f4c4d44f995a000bcd3ffc6c8
53	eyJhbGciOiJIUzI1NiIsInR5cCI6IkpXVCJ9.eyJ0b2tlbl90eXBlIjoicmVmcmVzaCIsImV4cCI6MTc1MTgxNDM0NiwiaWF0IjoxNzUxMjA5NTQ2LCJqdGkiOiIxZDM2ZDk2NzNiZTE0MTBmOGY2ZjFhNWE4OTZiOTMxMyIsInVzZXJfaWQiOjV9.WJ4n_pmwbdK7bVzwrnxXC_qCg8sz9gaq5qT96m6tq0Q	2025-06-29 15:05:46.079+00	2025-07-06 15:05:46+00	5	1d36d9673be1410f8f6f1a5a896b9313
54	eyJhbGciOiJIUzI1NiIsInR5cCI6IkpXVCJ9.eyJ0b2tlbl90eXBlIjoicmVmcmVzaCIsImV4cCI6MTc1MTgxNDUyNSwiaWF0IjoxNzUxMjA5NzI1LCJqdGkiOiI3ODUxOTU2NTcxNTI0OTkzYTkzY2I4MmQ4ZWZlOWE4ZSIsInVzZXJfaWQiOjV9.r_Z1XcQpaKwP8Y8tqjmZ-4kjzpmucjjwJph_WAa_OZs	2025-06-29 15:08:45.615+00	2025-07-06 15:08:45+00	5	7851956571524993a93cb82d8efe9a8e
55	eyJhbGciOiJIUzI1NiIsInR5cCI6IkpXVCJ9.eyJ0b2tlbl90eXBlIjoicmVmcmVzaCIsImV4cCI6MTc1MTgxNDY1MCwiaWF0IjoxNzUxMjA5ODUwLCJqdGkiOiIwYTM4MTA3ZGJjYWU0NGJkOGRhZmNiNmM5Y2RiN2EyYiIsInVzZXJfaWQiOjR9.j0mnzc9DHR7zwj4kHH_9oPIUfiSjHvr4LsWE6aUFFkU	2025-06-29 15:10:50.683+00	2025-07-06 15:10:50+00	4	0a38107dbcae44bd8dafcb6c9cdb7a2b
56	eyJhbGciOiJIUzI1NiIsInR5cCI6IkpXVCJ9.eyJ0b2tlbl90eXBlIjoicmVmcmVzaCIsImV4cCI6MTc1MTgxNDgwOSwiaWF0IjoxNzUxMjEwMDA5LCJqdGkiOiJkYjdhYTFkMzMxNTg0NGFmOGY0NTAxNzRkNzNmNzRmYyIsInVzZXJfaWQiOjV9.LFumsWfjKerloUuoa6NA2oc3MsrQ5ZerWxUcx-H09Lk	2025-06-29 15:13:29.861+00	2025-07-06 15:13:29+00	5	db7aa1d3315844af8f450174d73f74fc
57	eyJhbGciOiJIUzI1NiIsInR5cCI6IkpXVCJ9.eyJ0b2tlbl90eXBlIjoicmVmcmVzaCIsImV4cCI6MTc1MTgxNTAzNCwiaWF0IjoxNzUxMjEwMjM0LCJqdGkiOiIwOTQ3ZjFmOWU1NGU0YWY2ODY4OTc0ZDEzZjZmODM2NSIsInVzZXJfaWQiOjV9.NuMLzard6nqJB_nGV6AvhCY-J5p_kgn7EGeexvkn__k	2025-06-29 15:17:14.759+00	2025-07-06 15:17:14+00	5	0947f1f9e54e4af6868974d13f6f8365
58	eyJhbGciOiJIUzI1NiIsInR5cCI6IkpXVCJ9.eyJ0b2tlbl90eXBlIjoicmVmcmVzaCIsImV4cCI6MTc1MTgxNTA3MSwiaWF0IjoxNzUxMjEwMjcxLCJqdGkiOiI4YjhmNzljZWUyOWE0YWEyYjNkYjBkOGRlYjkzOGEzMCIsInVzZXJfaWQiOjV9.z92tYu0uUoVfQd4XYi2woiNXo5evXlde7-xTf9q_TbQ	2025-06-29 15:17:51.328+00	2025-07-06 15:17:51+00	5	8b8f79cee29a4aa2b3db0d8deb938a30
59	eyJhbGciOiJIUzI1NiIsInR5cCI6IkpXVCJ9.eyJ0b2tlbl90eXBlIjoicmVmcmVzaCIsImV4cCI6MTc1MTgxNjMwMCwiaWF0IjoxNzUxMjExNTAwLCJqdGkiOiI4MjBkZTFjMGIzYjU0NDFkYmJmYjVmYzUyOWM3ODc4OSIsInVzZXJfaWQiOjV9.D148ALuDrIQRApKiFtpQO8RFatUymj0k4fRFq6eBIt0	2025-06-29 15:38:20.9+00	2025-07-06 15:38:20+00	5	820de1c0b3b5441dbbfb5fc529c78789
60	eyJhbGciOiJIUzI1NiIsInR5cCI6IkpXVCJ9.eyJ0b2tlbl90eXBlIjoicmVmcmVzaCIsImV4cCI6MTc1MTgxNjMwOCwiaWF0IjoxNzUxMjExNTA4LCJqdGkiOiI2MjY3NjNhOGQ0NDk0N2NiOGVmOGUyODFjMmViMzhkMiIsInVzZXJfaWQiOjV9.Xk_IHd1KEfjCeEA9MFlqaKWZ2-FP-i8A7Zgau8S9TtY	2025-06-29 15:38:28.134+00	2025-07-06 15:38:28+00	5	626763a8d44947cb8ef8e281c2eb38d2
61	eyJhbGciOiJIUzI1NiIsInR5cCI6IkpXVCJ9.eyJ0b2tlbl90eXBlIjoicmVmcmVzaCIsImV4cCI6MTc1MTgxNjQ1MiwiaWF0IjoxNzUxMjExNjUyLCJqdGkiOiIwNTg4OTZhNTAyZWM0MDc4YmM0M2JhY2JmYjk3ZmMwMiIsInVzZXJfaWQiOjV9.ghaKEtWQsCPWx3GC6TBJ7mqPAqGbXNDwnFhUgGz0cg8	2025-06-29 15:40:52.724+00	2025-07-06 15:40:52+00	5	058896a502ec4078bc43bacbfb97fc02
62	eyJhbGciOiJIUzI1NiIsInR5cCI6IkpXVCJ9.eyJ0b2tlbl90eXBlIjoicmVmcmVzaCIsImV4cCI6MTc1MTgxNzE5OSwiaWF0IjoxNzUxMjEyMzk5LCJqdGkiOiJiYmY0ZTJiNjUzZTI0MGU0Yjg2ZDJjNWJkZDIyNjliMyIsInVzZXJfaWQiOjF9.Bi5lboeCNKS9XMaTTX42G4Bcnuf098XoEe43BWM_cj8	2025-06-29 15:53:19.734+00	2025-07-06 15:53:19+00	1	bbf4e2b653e240e4b86d2c5bdd2269b3
63	eyJhbGciOiJIUzI1NiIsInR5cCI6IkpXVCJ9.eyJ0b2tlbl90eXBlIjoicmVmcmVzaCIsImV4cCI6MTc1MTgxNzMxMSwiaWF0IjoxNzUxMjEyNTExLCJqdGkiOiI0MTlmM2Q1NGMxZGQ0OGJjYmQ0ZGY5MGZkYTJlYWNiMCIsInVzZXJfaWQiOjV9._vLcH5v5zvNC7PruFcrVC3NRsv1oYFLotkNFWjPznPU	2025-06-29 15:55:11.887+00	2025-07-06 15:55:11+00	5	419f3d54c1dd48bcbd4df90fda2eacb0
64	eyJhbGciOiJIUzI1NiIsInR5cCI6IkpXVCJ9.eyJ0b2tlbl90eXBlIjoicmVmcmVzaCIsImV4cCI6MTc1MTgxNzQwOCwiaWF0IjoxNzUxMjEyNjA4LCJqdGkiOiIyMWU3NjRiYjFiN2Q0YmFiYTRkYzgyNDhiZDBiNjczZCIsInVzZXJfaWQiOjF9.7MfQAqpAhUkk6NNKQ108j9ZW793Q4QZ6REyCghzhjnI	2025-06-29 15:56:48.157+00	2025-07-06 15:56:48+00	1	21e764bb1b7d4baba4dc8248bd0b673d
65	eyJhbGciOiJIUzI1NiIsInR5cCI6IkpXVCJ9.eyJ0b2tlbl90eXBlIjoicmVmcmVzaCIsImV4cCI6MTc1MTgxNzY3NSwiaWF0IjoxNzUxMjEyODc1LCJqdGkiOiJhOWQ1YTU2M2JlNjA0YTViOTExMTBhMTAyNGI5OThlZCIsInVzZXJfaWQiOjV9.d2MgFsBShxNDJtr400RnRhu-BJHX1QM6pJd5Vh5tv20	2025-06-29 16:01:15.952+00	2025-07-06 16:01:15+00	5	a9d5a563be604a5b91110a1024b998ed
66	eyJhbGciOiJIUzI1NiIsInR5cCI6IkpXVCJ9.eyJ0b2tlbl90eXBlIjoicmVmcmVzaCIsImV4cCI6MTc1MTgxNzcwMiwiaWF0IjoxNzUxMjEyOTAyLCJqdGkiOiIyODE0NmJiNmFhOGE0YzNkODY1ZDAwN2Q1NmNhZDczOCIsInVzZXJfaWQiOjV9.wIqVS7gmml4wx4IyhMMP3gsMbiZAMdOnBPZQy_S-vMA	2025-06-29 16:01:42.635+00	2025-07-06 16:01:42+00	5	28146bb6aa8a4c3d865d007d56cad738
67	eyJhbGciOiJIUzI1NiIsInR5cCI6IkpXVCJ9.eyJ0b2tlbl90eXBlIjoicmVmcmVzaCIsImV4cCI6MTc1MTgxNzc5NSwiaWF0IjoxNzUxMjEyOTk1LCJqdGkiOiI3MDVhN2ZkMzQ5MjY0YTdmODFkZDA4Mzg1YzUzMTcwYiIsInVzZXJfaWQiOjF9.HwzMeD53vjXBHHONylskCQ96KqXaoufb9AwoxzndBIk	2025-06-29 16:03:15.794+00	2025-07-06 16:03:15+00	1	705a7fd349264a7f81dd08385c53170b
68	eyJhbGciOiJIUzI1NiIsInR5cCI6IkpXVCJ9.eyJ0b2tlbl90eXBlIjoicmVmcmVzaCIsImV4cCI6MTc1MTgxNzk0MiwiaWF0IjoxNzUxMjEzMTQyLCJqdGkiOiJkYjJhNzRlMWM1YjQ0NGM1OWNiMzk3ODRiYWZhZDk3YyIsInVzZXJfaWQiOjF9.HcCx7s1yPC6ZdSRoFN7CImprr1kU3PGOaTSctzgmpKg	2025-06-29 16:05:42.245+00	2025-07-06 16:05:42+00	1	db2a74e1c5b444c59cb39784bafad97c
69	eyJhbGciOiJIUzI1NiIsInR5cCI6IkpXVCJ9.eyJ0b2tlbl90eXBlIjoicmVmcmVzaCIsImV4cCI6MTc1MTgxNzk0OCwiaWF0IjoxNzUxMjEzMTQ4LCJqdGkiOiI5MzhkOWRhNGZmM2Q0ZThkYTA0NGU3ZTZlMzU1NDhhYiIsInVzZXJfaWQiOjF9.Cp3Zd-g7uBBFtqhzomUKLt94vJHsEXOVfpo43KvGydI	2025-06-29 16:05:48.65+00	2025-07-06 16:05:48+00	1	938d9da4ff3d4e8da044e7e6e35548ab
70	eyJhbGciOiJIUzI1NiIsInR5cCI6IkpXVCJ9.eyJ0b2tlbl90eXBlIjoicmVmcmVzaCIsImV4cCI6MTc1MTgxODAwOSwiaWF0IjoxNzUxMjEzMjA5LCJqdGkiOiIyZjUyNDQyOWRhNjI0MWVjYjYzMWM1ODYyZmNkYjc4NyIsInVzZXJfaWQiOjV9.17Pd83Hn7wrmPr7wFgUtoIAvP3Pckz4kKzylyoNdgls	2025-06-29 16:06:49.566+00	2025-07-06 16:06:49+00	5	2f524429da6241ecb631c5862fcdb787
71	eyJhbGciOiJIUzI1NiIsInR5cCI6IkpXVCJ9.eyJ0b2tlbl90eXBlIjoicmVmcmVzaCIsImV4cCI6MTc1MTgxODAxOCwiaWF0IjoxNzUxMjEzMjE4LCJqdGkiOiI4ZTVjN2E2MDJkMjk0YzQ1OWRjNDc5ZDZiYTE5ZWQ1ZiIsInVzZXJfaWQiOjV9.QUvE75TK0ahKe0ih_c2rX6sPILbZwgVqgxYhcLKhS_E	2025-06-29 16:06:58.29+00	2025-07-06 16:06:58+00	5	8e5c7a602d294c459dc479d6ba19ed5f
72	eyJhbGciOiJIUzI1NiIsInR5cCI6IkpXVCJ9.eyJ0b2tlbl90eXBlIjoicmVmcmVzaCIsImV4cCI6MTc1MTgxODExNSwiaWF0IjoxNzUxMjEzMzE1LCJqdGkiOiJjOTNiNDljMjRmM2Q0ZGUwOTMyOTg1NmYwM2UzZWMyYiIsInVzZXJfaWQiOjV9.zoZbrefLqkJWpwkGbzQ-DyjECOg6LYUYTxZfEoE3wSY	2025-06-29 16:08:35.131+00	2025-07-06 16:08:35+00	5	c93b49c24f3d4de09329856f03e3ec2b
73	eyJhbGciOiJIUzI1NiIsInR5cCI6IkpXVCJ9.eyJ0b2tlbl90eXBlIjoicmVmcmVzaCIsImV4cCI6MTc1MTgxODE0NywiaWF0IjoxNzUxMjEzMzQ3LCJqdGkiOiIzM2M2MTBjODJjY2E0MWUxOGRhMWIyMzcwYjlkYzQ5NyIsInVzZXJfaWQiOjV9.u0OEOO0whdJCjD8_j3fY4GCMii5Hu5EychbfqynOUMc	2025-06-29 16:09:07.478+00	2025-07-06 16:09:07+00	5	33c610c82cca41e18da1b2370b9dc497
74	eyJhbGciOiJIUzI1NiIsInR5cCI6IkpXVCJ9.eyJ0b2tlbl90eXBlIjoicmVmcmVzaCIsImV4cCI6MTc1MTgxODI1MywiaWF0IjoxNzUxMjEzNDUzLCJqdGkiOiI1MGYzMTE5ZjVjNTA0Njg1YjViOTFhZGViMzQxYTQxYiIsInVzZXJfaWQiOjF9.t4QFr-3bYE6luLdEH5C48fKwgEerz86I1ZLBC-rhM7A	2025-06-29 16:10:53.567+00	2025-07-06 16:10:53+00	1	50f3119f5c504685b5b91adeb341a41b
75	eyJhbGciOiJIUzI1NiIsInR5cCI6IkpXVCJ9.eyJ0b2tlbl90eXBlIjoicmVmcmVzaCIsImV4cCI6MTc1MTgxODQxNywiaWF0IjoxNzUxMjEzNjE3LCJqdGkiOiJiZWE5NzlkY2NhNTQ0YzMxOTY1MmJiZDc4OGU0OWNiOSIsInVzZXJfaWQiOjF9.0oJFNidvPCbu8_b7AanuMxEtrT_tCCoUsaNGPTc7nWw	2025-06-29 16:13:37.601+00	2025-07-06 16:13:37+00	1	bea979dcca544c319652bbd788e49cb9
76	eyJhbGciOiJIUzI1NiIsInR5cCI6IkpXVCJ9.eyJ0b2tlbl90eXBlIjoicmVmcmVzaCIsImV4cCI6MTc1MTgxODQyNCwiaWF0IjoxNzUxMjEzNjI0LCJqdGkiOiJmYjczMTk0NjUyMjI0MWFkYjRjODllNTc2MDgxZWIwNiIsInVzZXJfaWQiOjF9.L_2UX5G2g3LgwnNdsSlqL7TiqrtQ7uu34HAYMxWV6C8	2025-06-29 16:13:44.916+00	2025-07-06 16:13:44+00	1	fb731946522241adb4c89e576081eb06
77	eyJhbGciOiJIUzI1NiIsInR5cCI6IkpXVCJ9.eyJ0b2tlbl90eXBlIjoicmVmcmVzaCIsImV4cCI6MTc1MTgxODQ2OCwiaWF0IjoxNzUxMjEzNjY4LCJqdGkiOiJmYjY1NTNlYzc4OGI0MTY3YWRhNGM2YTU5ZTZjNTViNSIsInVzZXJfaWQiOjF9.1_HUOxGEcLvt7WI3ejALL62hgvrEUIQsStvvDsr4Pfs	2025-06-29 16:14:28.57+00	2025-07-06 16:14:28+00	1	fb6553ec788b4167ada4c6a59e6c55b5
78	eyJhbGciOiJIUzI1NiIsInR5cCI6IkpXVCJ9.eyJ0b2tlbl90eXBlIjoicmVmcmVzaCIsImV4cCI6MTc1MTgxODQ5NSwiaWF0IjoxNzUxMjEzNjk1LCJqdGkiOiI4M2ZjYzAxMzZiN2M0MjU4YTM3ZjAwMmQ5ZTcyOGY1MSIsInVzZXJfaWQiOjF9.G5BKhjZd4TSz-nqxpA6Qtvy-TH7Ki_Pzbfjz7snDHRs	2025-06-29 16:14:55.82+00	2025-07-06 16:14:55+00	1	83fcc0136b7c4258a37f002d9e728f51
79	eyJhbGciOiJIUzI1NiIsInR5cCI6IkpXVCJ9.eyJ0b2tlbl90eXBlIjoicmVmcmVzaCIsImV4cCI6MTc1MTgxODUzNSwiaWF0IjoxNzUxMjEzNzM1LCJqdGkiOiI1ZTE5OTBkMGUyMTE0MjQ2YWIxZjI3MjM2ZWVjN2FmMiIsInVzZXJfaWQiOjF9.Kp9rhVCHwXAAvpmEHn8ZNGUfI18Et9KzHxwC7YD1jts	2025-06-29 16:15:35.914+00	2025-07-06 16:15:35+00	1	5e1990d0e2114246ab1f27236eec7af2
80	eyJhbGciOiJIUzI1NiIsInR5cCI6IkpXVCJ9.eyJ0b2tlbl90eXBlIjoicmVmcmVzaCIsImV4cCI6MTc1MTgxODU0MiwiaWF0IjoxNzUxMjEzNzQyLCJqdGkiOiIwNDczYmViYWEwMjI0ODEyYmFmNTAwOTk3ZmU1NWMwYyIsInVzZXJfaWQiOjF9.BVzvCihtfUEMUrGBWh_lB6Q4whhcTQCmJ8pee4TY1mw	2025-06-29 16:15:42.858+00	2025-07-06 16:15:42+00	1	0473bebaa0224812baf500997fe55c0c
81	eyJhbGciOiJIUzI1NiIsInR5cCI6IkpXVCJ9.eyJ0b2tlbl90eXBlIjoicmVmcmVzaCIsImV4cCI6MTc1MTgxODU1MCwiaWF0IjoxNzUxMjEzNzUwLCJqdGkiOiI5ZTk4NGE2ZDY1NWM0NDBkYWE0MmQ5NzA4MGJhNWNkZSIsInVzZXJfaWQiOjF9.rqAf_3zxNC9JHZ6asSsw4oAEhuTa_zHdzJwgtZc6xT8	2025-06-29 16:15:50.044+00	2025-07-06 16:15:50+00	1	9e984a6d655c440daa42d97080ba5cde
82	eyJhbGciOiJIUzI1NiIsInR5cCI6IkpXVCJ9.eyJ0b2tlbl90eXBlIjoicmVmcmVzaCIsImV4cCI6MTc1MTgxODU1OSwiaWF0IjoxNzUxMjEzNzU5LCJqdGkiOiJlNzdhODU1Y2FjODc0NTg1OTQ3NDI2NDdmNmUyZDg4MSIsInVzZXJfaWQiOjF9.M9PqbvHmLwPzccdcMaIbzvm8cPz2KynBdEmP1TBBXF0	2025-06-29 16:15:59.69+00	2025-07-06 16:15:59+00	1	e77a855cac87458594742647f6e2d881
83	eyJhbGciOiJIUzI1NiIsInR5cCI6IkpXVCJ9.eyJ0b2tlbl90eXBlIjoicmVmcmVzaCIsImV4cCI6MTc1MTgxODU2NywiaWF0IjoxNzUxMjEzNzY3LCJqdGkiOiIwMjM1YmUxZmM2Mjg0N2NkYjFjNDkyZTg3NzM0ZTFmOSIsInVzZXJfaWQiOjF9.Fu3N0KatWkPUNUfChFbhr6ik6QATYMNEY_4Qyiw3zEA	2025-06-29 16:16:07.683+00	2025-07-06 16:16:07+00	1	0235be1fc62847cdb1c492e87734e1f9
84	eyJhbGciOiJIUzI1NiIsInR5cCI6IkpXVCJ9.eyJ0b2tlbl90eXBlIjoicmVmcmVzaCIsImV4cCI6MTc1MTgxODY0NiwiaWF0IjoxNzUxMjEzODQ2LCJqdGkiOiIyMjk2OTdmNDhmMzc0NDBiYjVmN2I3M2E3ZjQ5ZjUwOSIsInVzZXJfaWQiOjF9.4y2tTD_v5Q-mPYxM2cVD98VvU1PjhAVgvkLWcXZWQ90	2025-06-29 16:17:26.367+00	2025-07-06 16:17:26+00	1	229697f48f37440bb5f7b73a7f49f509
85	eyJhbGciOiJIUzI1NiIsInR5cCI6IkpXVCJ9.eyJ0b2tlbl90eXBlIjoicmVmcmVzaCIsImV4cCI6MTc1MTgxODgxMiwiaWF0IjoxNzUxMjE0MDEyLCJqdGkiOiI3MWE1OWE3YzI5MjA0ZjI4OGIzMzFlZDYzOWY1MmRjNyIsInVzZXJfaWQiOjF9.x659wFUAcP3XXgFObAjz9xPrFOcMlHngrq5D8BYg60c	2025-06-29 16:20:12.044+00	2025-07-06 16:20:12+00	1	71a59a7c29204f288b331ed639f52dc7
86	eyJhbGciOiJIUzI1NiIsInR5cCI6IkpXVCJ9.eyJ0b2tlbl90eXBlIjoicmVmcmVzaCIsImV4cCI6MTc1MTgxODk3NywiaWF0IjoxNzUxMjE0MTc3LCJqdGkiOiJiYmIzNjBhZTJkY2Q0MjdlYTYxZGQwYzczY2U4NjYzYSIsInVzZXJfaWQiOjF9.vGDMIZvCa90Me5AKg9SabqURWZggpgztgLFUFpFYW7U	2025-06-29 16:22:57.933+00	2025-07-06 16:22:57+00	1	bbb360ae2dcd427ea61dd0c73ce8663a
87	eyJhbGciOiJIUzI1NiIsInR5cCI6IkpXVCJ9.eyJ0b2tlbl90eXBlIjoicmVmcmVzaCIsImV4cCI6MTc1MTgxOTAzOSwiaWF0IjoxNzUxMjE0MjM5LCJqdGkiOiJkOGVlM2FmNGI5YTQ0MTAzODQxYzU4MzE2YTZlMzI0YSIsInVzZXJfaWQiOjF9.Y1a0XMZIc0pb-oY9599JbcLlI2dO_y2Ke3FFLXajWLM	2025-06-29 16:23:59.987+00	2025-07-06 16:23:59+00	1	d8ee3af4b9a44103841c58316a6e324a
88	eyJhbGciOiJIUzI1NiIsInR5cCI6IkpXVCJ9.eyJ0b2tlbl90eXBlIjoicmVmcmVzaCIsImV4cCI6MTc1MTgxOTE5NiwiaWF0IjoxNzUxMjE0Mzk2LCJqdGkiOiI0YzM3ZTlmMjYxZGE0MDJjODY3MzA0NWY4OWQ5MmUzYiIsInVzZXJfaWQiOjV9.zSC1Eq8BKP_U-GlFBH3E8jeYQwYReKP4-Ydy1b7GFuI	2025-06-29 16:26:36.735+00	2025-07-06 16:26:36+00	5	4c37e9f261da402c8673045f89d92e3b
89	eyJhbGciOiJIUzI1NiIsInR5cCI6IkpXVCJ9.eyJ0b2tlbl90eXBlIjoicmVmcmVzaCIsImV4cCI6MTc1MTgxOTYwMSwiaWF0IjoxNzUxMjE0ODAxLCJqdGkiOiJjYzEyMjExMWY5NmQ0M2ExOWM2MDRiMjU4ZmMxMjI1YSIsInVzZXJfaWQiOjV9.Xc8X8S7Xy0JtisvPD9r3evOes2Ql95ZCziG5mG6aaU0	2025-06-29 16:33:21.223+00	2025-07-06 16:33:21+00	5	cc122111f96d43a19c604b258fc1225a
90	eyJhbGciOiJIUzI1NiIsInR5cCI6IkpXVCJ9.eyJ0b2tlbl90eXBlIjoicmVmcmVzaCIsImV4cCI6MTc1MTgyNjcyNCwiaWF0IjoxNzUxMjIxOTI0LCJqdGkiOiJmNzZiNmRhMTYxYzQ0YzhhOTg5ODczZmJjM2NiZjk0OSIsInVzZXJfaWQiOjV9.Z0fQcMAhAAgOpDXKcUeBJlESs7kpyVSlWh0Ocu2qiNE	2025-06-29 18:32:04.084851+00	2025-07-06 18:32:04+00	5	f76b6da161c44c8a989873fbc3cbf949
91	eyJhbGciOiJIUzI1NiIsInR5cCI6IkpXVCJ9.eyJ0b2tlbl90eXBlIjoicmVmcmVzaCIsImV4cCI6MTc1MTgyOTUwNSwiaWF0IjoxNzUxMjI0NzA1LCJqdGkiOiIxMGZhNTg1NDY2MWM0YzA5YjhkNTg5OTg2MDE2N2FlZiIsInVzZXJfaWQiOjR9.o5FZvhhmSSR5B9fuRpELjayyMcIiqQCcxpSzrNBqEVQ	2025-06-29 19:18:25.385355+00	2025-07-06 19:18:25+00	4	10fa5854661c4c09b8d5899860167aef
92	eyJhbGciOiJIUzI1NiIsInR5cCI6IkpXVCJ9.eyJ0b2tlbl90eXBlIjoicmVmcmVzaCIsImV4cCI6MTc1MTgyOTUzMCwiaWF0IjoxNzUxMjI0NzMwLCJqdGkiOiI5MThiOTdmMzlmNjg0MjQ1ODRjZGNlYzc3ZjY5MmEwMSIsInVzZXJfaWQiOjF9.fPR0Dl4DEz31EiR3Dch7Wo8Ur5J_Henlf5khb9o4rrE	2025-06-29 19:18:50.216127+00	2025-07-06 19:18:50+00	1	918b97f39f68424584cdcec77f692a01
93	eyJhbGciOiJIUzI1NiIsInR5cCI6IkpXVCJ9.eyJ0b2tlbl90eXBlIjoicmVmcmVzaCIsImV4cCI6MTc1MTgzMTU5MywiaWF0IjoxNzUxMjI2NzkzLCJqdGkiOiJlNWI5YWUxYzAwMzQ0MWM2ODc5NjAzY2ZmMjZhZThhNSIsInVzZXJfaWQiOjF9.S0nwt_WMmcI8dqm3v69AOxPrbcO0kWfArm8ediS1HjU	2025-06-29 19:53:13.571327+00	2025-07-06 19:53:13+00	1	e5b9ae1c003441c6879603cff26ae8a5
94	eyJhbGciOiJIUzI1NiIsInR5cCI6IkpXVCJ9.eyJ0b2tlbl90eXBlIjoicmVmcmVzaCIsImV4cCI6MTc1MTgzMjE4NiwiaWF0IjoxNzUxMjI3Mzg2LCJqdGkiOiI0MjdhNGViYWYxOWM0OGViYTllN2U5OGE0ZWQ4Y2RjOCIsInVzZXJfaWQiOjR9.Hpf_oz7qIOmZvNOc-6vcU0HCTM2uv_h2m-xcfWueSU8	2025-06-29 20:03:06.913933+00	2025-07-06 20:03:06+00	4	427a4ebaf19c48eba9e7e98a4ed8cdc8
95	eyJhbGciOiJIUzI1NiIsInR5cCI6IkpXVCJ9.eyJ0b2tlbl90eXBlIjoicmVmcmVzaCIsImV4cCI6MTc1MTgzMzU1MCwiaWF0IjoxNzUxMjI4NzUwLCJqdGkiOiI1NGEzYWU2OGZkOTM0NTFiYWZjOGQ4ZjIwNTA1OWY0NiIsInVzZXJfaWQiOjV9.JaPwiGPjMpKSIJS1nlOEdq7PGW-Qdv-p7KdGFEcVQ9s	2025-06-29 20:25:50.930145+00	2025-07-06 20:25:50+00	5	54a3ae68fd93451bafc8d8f205059f46
96	eyJhbGciOiJIUzI1NiIsInR5cCI6IkpXVCJ9.eyJ0b2tlbl90eXBlIjoicmVmcmVzaCIsImV4cCI6MTc1MTg2ODA1NSwiaWF0IjoxNzUxMjYzMjU1LCJqdGkiOiIyYTc5MTcxZDNiMzI0ZWMzOTA5ZDU0MTlmYzY4ZTZmZiIsInVzZXJfaWQiOjV9.CBXprl85ypK1IUXmTwCrH88Wuk_25gt31rdSiQ_8jEI	2025-06-30 06:00:55.341456+00	2025-07-07 06:00:55+00	5	2a79171d3b324ec3909d5419fc68e6ff
97	eyJhbGciOiJIUzI1NiIsInR5cCI6IkpXVCJ9.eyJ0b2tlbl90eXBlIjoicmVmcmVzaCIsImV4cCI6MTc1MTg2ODE1NywiaWF0IjoxNzUxMjYzMzU3LCJqdGkiOiI4ZDY2N2VkNjVhYTI0ZTFhYmQzNjgyN2U4MmVlZGZkNyIsInVzZXJfaWQiOjV9.DswMCbeScv5-JON3aShOIO5Hz11fJIMB5sIrYa8EDEM	2025-06-30 06:02:37.084404+00	2025-07-07 06:02:37+00	5	8d667ed65aa24e1abd36827e82eedfd7
98	eyJhbGciOiJIUzI1NiIsInR5cCI6IkpXVCJ9.eyJ0b2tlbl90eXBlIjoicmVmcmVzaCIsImV4cCI6MTc1MTg3NjQyMSwiaWF0IjoxNzUxMjcxNjIxLCJqdGkiOiJjMTEzMjZhNDhhODk0OWYyOTJhMTA5OWRiYTE3ODVkMSIsInVzZXJfaWQiOjV9.fohPD0JgEabv0ivgWeP1PCrk9wpfVsCrDpP7HVD8_JA	2025-06-30 08:20:21.12787+00	2025-07-07 08:20:21+00	5	c11326a48a8949f292a1099dba1785d1
99	eyJhbGciOiJIUzI1NiIsInR5cCI6IkpXVCJ9.eyJ0b2tlbl90eXBlIjoicmVmcmVzaCIsImV4cCI6MTc1MTg3ODQ3NiwiaWF0IjoxNzUxMjczNjc2LCJqdGkiOiI4YTUxZmUyNTVhNTc0MGYyYTVhNzM3YjJkOTNiNTcxMSIsInVzZXJfaWQiOjF9.UiTNX6dFD0DheVn9Mb6g0AjHZMLQDaZGppNl-weu01o	2025-06-30 08:54:36.840966+00	2025-07-07 08:54:36+00	1	8a51fe255a5740f2a5a737b2d93b5711
100	eyJhbGciOiJIUzI1NiIsInR5cCI6IkpXVCJ9.eyJ0b2tlbl90eXBlIjoicmVmcmVzaCIsImV4cCI6MTc1MTg3ODcyMSwiaWF0IjoxNzUxMjczOTIxLCJqdGkiOiIyMTUzYmJiZTc2Yzg0MGZhYmZmYWVmZjQ5MzY5OGFmNiIsInVzZXJfaWQiOjR9.IAAcAHVatgMABqTq0_EhrOlORfxy9GD1LurNffkj6w0	2025-06-30 08:58:41.879645+00	2025-07-07 08:58:41+00	4	2153bbbe76c840fabffaeff493698af6
101	eyJhbGciOiJIUzI1NiIsInR5cCI6IkpXVCJ9.eyJ0b2tlbl90eXBlIjoicmVmcmVzaCIsImV4cCI6MTc1MTg4MTA3MCwiaWF0IjoxNzUxMjc2MjcwLCJqdGkiOiI0ZGMwNjdkNzY5MDc0ZmIyYjNmNjFjZDYzMjM3NDFhNyIsInVzZXJfaWQiOjV9.94FTthSLi6LOjIkdChZ93ftLlzwai8E_OunEGktD62Y	2025-06-30 09:37:50.446003+00	2025-07-07 09:37:50+00	5	4dc067d769074fb2b3f61cd6323741a7
102	eyJhbGciOiJIUzI1NiIsInR5cCI6IkpXVCJ9.eyJ0b2tlbl90eXBlIjoicmVmcmVzaCIsImV4cCI6MTc1MTg4NTUxNSwiaWF0IjoxNzUxMjgwNzE1LCJqdGkiOiJmMDRiZTkxNGY2ZWI0NDgyOWE1Y2RiYTE3MDBiZTU1ZiIsInVzZXJfaWQiOjV9.HHZvwILGV8ol_5VWNCD6WcOO6RdZzQyPLY0CztX2Ob4	2025-06-30 10:51:55.38666+00	2025-07-07 10:51:55+00	5	f04be914f6eb44829a5cdba1700be55f
103	eyJhbGciOiJIUzI1NiIsInR5cCI6IkpXVCJ9.eyJ0b2tlbl90eXBlIjoicmVmcmVzaCIsImV4cCI6MTc1MTg4Njc3NywiaWF0IjoxNzUxMjgxOTc3LCJqdGkiOiJhZGUzZmY5NTk1OGQ0NTA1OTg4MGFhOGZlOGU2MmRmMiIsInVzZXJfaWQiOjV9.BARfPprXEBtSARj8BaNrcRYF5hw-o5Yk3CPH-MY797E	2025-06-30 11:12:57.322156+00	2025-07-07 11:12:57+00	5	ade3ff95958d45059880aa8fe8e62df2
104	eyJhbGciOiJIUzI1NiIsInR5cCI6IkpXVCJ9.eyJ0b2tlbl90eXBlIjoicmVmcmVzaCIsImV4cCI6MTc1MTg5MTYxOCwiaWF0IjoxNzUxMjg2ODE4LCJqdGkiOiIzNzgxZDU5OTQyNDU0ZjEwYmE4YzVmMDQ4Nzc3MGE2NSIsInVzZXJfaWQiOjV9.xA52QCKEW3eh6pvW2bx-FS8eGk3efP16Mlq_pIRI1P8	2025-06-30 12:33:38.850989+00	2025-07-07 12:33:38+00	5	3781d59942454f10ba8c5f0487770a65
105	eyJhbGciOiJIUzI1NiIsInR5cCI6IkpXVCJ9.eyJ0b2tlbl90eXBlIjoicmVmcmVzaCIsImV4cCI6MTc1MTg5MTg0NSwiaWF0IjoxNzUxMjg3MDQ1LCJqdGkiOiJhYThkOWU0YmFmNGM0ODBlOGUzZDdjNjA5MWFjYTZjZCIsInVzZXJfaWQiOjV9.aZrMvdUUR8Su71nZLZEB0bihhx0_rsT3OGFoAsm7LtY	2025-06-30 12:37:25.634796+00	2025-07-07 12:37:25+00	5	aa8d9e4baf4c480e8e3d7c6091aca6cd
106	eyJhbGciOiJIUzI1NiIsInR5cCI6IkpXVCJ9.eyJ0b2tlbl90eXBlIjoicmVmcmVzaCIsImV4cCI6MTc1MTkxMTMyNiwiaWF0IjoxNzUxMzA2NTI2LCJqdGkiOiJlZmYyNzYwNTFhMTI0ZWJmODliMGJjNDNlYjkxMjFjYSIsInVzZXJfaWQiOjR9.fC57w8dPJd8okrZVYgL6lUQMd5rKkXk5GndaS8FjcCk	2025-06-30 18:02:06.946755+00	2025-07-07 18:02:06+00	4	eff276051a124ebf89b0bc43eb9121ca
107	eyJhbGciOiJIUzI1NiIsInR5cCI6IkpXVCJ9.eyJ0b2tlbl90eXBlIjoicmVmcmVzaCIsImV4cCI6MTc1MTkxMTQ5NiwiaWF0IjoxNzUxMzA2Njk2LCJqdGkiOiI0ZmU4YzIxN2MzZWU0MWRiYTZhYTFjMmUzZTBlZmQzNyIsInVzZXJfaWQiOjV9.PQcz1zqdMTpOfUwnV-Gjauw_piqICIEi3vBD5PJyEAg	2025-06-30 18:04:56.9998+00	2025-07-07 18:04:56+00	5	4fe8c217c3ee41dba6aa1c2e3e0efd37
108	eyJhbGciOiJIUzI1NiIsInR5cCI6IkpXVCJ9.eyJ0b2tlbl90eXBlIjoicmVmcmVzaCIsImV4cCI6MTc1MTk1MjY5OCwiaWF0IjoxNzUxMzQ3ODk4LCJqdGkiOiI1MTcyNTVlMmE5ZmU0ODYwOWI5MmU1MTZiZGI4NTExMSIsInVzZXJfaWQiOjV9.bPLW1uW9e25i1ZWiiQnWZzPuRzaNGCZOvxhQEcv4vLo	2025-07-01 05:31:38.843328+00	2025-07-08 05:31:38+00	5	517255e2a9fe48609b92e516bdb85111
109	eyJhbGciOiJIUzI1NiIsInR5cCI6IkpXVCJ9.eyJ0b2tlbl90eXBlIjoicmVmcmVzaCIsImV4cCI6MTc1MTk1MzYxOSwiaWF0IjoxNzUxMzQ4ODE5LCJqdGkiOiJhYTI5ZWEwZDZkYzc0ZjE4OWVkZWYwMTY1OGU0ZTAzZiIsInVzZXJfaWQiOjV9.1Vlht_VTh_MoTspVaiNEKjPfLkvkMt-v0D60hmDPz-4	2025-07-01 05:46:59.806909+00	2025-07-08 05:46:59+00	5	aa29ea0d6dc74f189edef01658e4e03f
110	eyJhbGciOiJIUzI1NiIsInR5cCI6IkpXVCJ9.eyJ0b2tlbl90eXBlIjoicmVmcmVzaCIsImV4cCI6MTc1MTk1MzkyMiwiaWF0IjoxNzUxMzQ5MTIyLCJqdGkiOiIwNDhkMDNhOTdmZWU0NDc5YTFhNDI0NGFkN2JmZGFlZSIsInVzZXJfaWQiOjV9.-brID6PnM3KM59FODXlJ05gQG47Ro_-t0-bxxUHuVDE	2025-07-01 05:52:02.880786+00	2025-07-08 05:52:02+00	5	048d03a97fee4479a1a4244ad7bfdaee
111	eyJhbGciOiJIUzI1NiIsInR5cCI6IkpXVCJ9.eyJ0b2tlbl90eXBlIjoicmVmcmVzaCIsImV4cCI6MTc1MTk2MjM1MiwiaWF0IjoxNzUxMzU3NTUyLCJqdGkiOiI1OTJiMGI0NzdjMmE0MjM5YjUwNmI2MzJmYzhhYTVmZSIsInVzZXJfaWQiOjV9.R1ctMuwstG8xfqRizhS1DO5RzThoQFN1pZy4_EF8CH0	2025-07-01 08:12:32.608214+00	2025-07-08 08:12:32+00	5	592b0b477c2a4239b506b632fc8aa5fe
112	eyJhbGciOiJIUzI1NiIsInR5cCI6IkpXVCJ9.eyJ0b2tlbl90eXBlIjoicmVmcmVzaCIsImV4cCI6MTc1MTk2MzU1OCwiaWF0IjoxNzUxMzU4NzU4LCJqdGkiOiJjMTI5YTNjNWUzYTU0MDI5OTYwYzAxZGU2MTkxM2MxZSIsInVzZXJfaWQiOjV9.lTrFZfnQXESALUz-Ey8dvkToaEVxQEVcKCvpeMmPoCc	2025-07-01 08:32:38.822729+00	2025-07-08 08:32:38+00	5	c129a3c5e3a54029960c01de61913c1e
113	eyJhbGciOiJIUzI1NiIsInR5cCI6IkpXVCJ9.eyJ0b2tlbl90eXBlIjoicmVmcmVzaCIsImV4cCI6MTc1MTk2Mzg5MSwiaWF0IjoxNzUxMzU5MDkxLCJqdGkiOiI0Y2I0NmZkNWM2YTQ0NDFmYjMyMmQ1ZTBiM2JmNzI0ZiIsInVzZXJfaWQiOjV9.eDei7hm3y4m-_auRA9QYnRaOYMPbFO7JM4_ttAJCzMY	2025-07-01 08:38:11.535238+00	2025-07-08 08:38:11+00	5	4cb46fd5c6a4441fb322d5e0b3bf724f
114	eyJhbGciOiJIUzI1NiIsInR5cCI6IkpXVCJ9.eyJ0b2tlbl90eXBlIjoicmVmcmVzaCIsImV4cCI6MTc1MTk4MTE3NywiaWF0IjoxNzUxMzc2Mzc3LCJqdGkiOiJiNjExMjEzYjc5OTc0NTgyODMzOGRmNjkwNTM2MmY5ZCIsInVzZXJfaWQiOjV9.ahsrhZ8pq5LxdcCoqUxZUQ9ZZuvJd4trLARyPwsCLbs	2025-07-01 13:26:17.055636+00	2025-07-08 13:26:17+00	5	b611213b799745828338df6905362f9d
115	eyJhbGciOiJIUzI1NiIsInR5cCI6IkpXVCJ9.eyJ0b2tlbl90eXBlIjoicmVmcmVzaCIsImV4cCI6MTc1MTk5NDU2MywiaWF0IjoxNzUxMzg5NzYzLCJqdGkiOiI0NWY1NmQxMDNhYjY0MTk5OTBiY2E2NDc2NDg3OGQ5NiIsInVzZXJfaWQiOjV9.kzLeIi20yPhCFAkwPjoiUXYFsrbfP9RsRU8j3RtrNC8	2025-07-01 17:09:23.299708+00	2025-07-08 17:09:23+00	5	45f56d103ab6419990bca64764878d96
116	eyJhbGciOiJIUzI1NiIsInR5cCI6IkpXVCJ9.eyJ0b2tlbl90eXBlIjoicmVmcmVzaCIsImV4cCI6MTc1MTk5NDY0MywiaWF0IjoxNzUxMzg5ODQzLCJqdGkiOiJmMTEzY2M1ZWRkZjA0MGQyYmEzYTk5MzY1MGE4NjJiNSIsInVzZXJfaWQiOjV9.iEqPgeFC8sFxDnv9n1ooqqkS-brea09qSIPcVW7HObs	2025-07-01 17:10:43.634241+00	2025-07-08 17:10:43+00	5	f113cc5eddf040d2ba3a993650a862b5
117	eyJhbGciOiJIUzI1NiIsInR5cCI6IkpXVCJ9.eyJ0b2tlbl90eXBlIjoicmVmcmVzaCIsImV4cCI6MTc1MjA1MDMyMiwiaWF0IjoxNzUxNDQ1NTIyLCJqdGkiOiJlYTllM2ZhMDI0Y2I0ODVjYWQxZWZkOWQ3MzA5NjI5MCIsInVzZXJfaWQiOjV9.wHgmyvTKwEa849an45xgadn5x5BAhUmks3L6gdgbFd8	2025-07-02 08:38:42.938729+00	2025-07-09 08:38:42+00	5	ea9e3fa024cb485cad1efd9d73096290
118	eyJhbGciOiJIUzI1NiIsInR5cCI6IkpXVCJ9.eyJ0b2tlbl90eXBlIjoicmVmcmVzaCIsImV4cCI6MTc1MjA1MDM4NywiaWF0IjoxNzUxNDQ1NTg3LCJqdGkiOiI2NjJlN2NiMTVkYmU0ZGZiYTk1YTY0OGUwNjU1Mzk5MyIsInVzZXJfaWQiOjV9.5jktKOevGz7wik3gxb6yAR7etLC7_ykxrrnhk4nHpCc	2025-07-02 08:39:47.871802+00	2025-07-09 08:39:47+00	5	662e7cb15dbe4dfba95a648e06553993
119	eyJhbGciOiJIUzI1NiIsInR5cCI6IkpXVCJ9.eyJ0b2tlbl90eXBlIjoicmVmcmVzaCIsImV4cCI6MTc1MjEyOTUwMCwiaWF0IjoxNzUxNTI0NzAwLCJqdGkiOiI5ZDBhMjAzY2QyYTc0MWZhOTQwMGU2NDA1ZWU4ODUxNSIsInVzZXJfaWQiOjV9.2N_2Uf1hfR7at6o1QzjKzSB9IP1iA30uGgKFBxX49k4	2025-07-03 06:38:20.943672+00	2025-07-10 06:38:20+00	5	9d0a203cd2a741fa9400e6405ee88515
120	eyJhbGciOiJIUzI1NiIsInR5cCI6IkpXVCJ9.eyJ0b2tlbl90eXBlIjoicmVmcmVzaCIsImV4cCI6MTc1MjEyOTg5NiwiaWF0IjoxNzUxNTI1MDk2LCJqdGkiOiIyMjc4YjMzMDcwMzM0Mzc5ODhjODEwNjhkYjliN2RmMyIsInVzZXJfaWQiOjV9.rTQdjnx9yaOprywLvbLfxduH3JixaIiNCnfaIQ6XW2g	2025-07-03 06:44:56.935577+00	2025-07-10 06:44:56+00	5	2278b3307033437988c81068db9b7df3
121	eyJhbGciOiJIUzI1NiIsInR5cCI6IkpXVCJ9.eyJ0b2tlbl90eXBlIjoicmVmcmVzaCIsImV4cCI6MTc1MjEzNjkyOCwiaWF0IjoxNzUxNTMyMTI4LCJqdGkiOiI1ODY5YmUzNDUwNjY0ZGE1OWY1YzQzNzQxOWE0YzY4NCIsInVzZXJfaWQiOjV9.BMxCpmAAKaez4KZnoK5Xb_ZiCFyY_ZDKjf3YMrxxSdw	2025-07-03 08:42:08.023246+00	2025-07-10 08:42:08+00	5	5869be3450664da59f5c437419a4c684
122	eyJhbGciOiJIUzI1NiIsInR5cCI6IkpXVCJ9.eyJ0b2tlbl90eXBlIjoicmVmcmVzaCIsImV4cCI6MTc1MjMwNDA5NywiaWF0IjoxNzUxNjk5Mjk3LCJqdGkiOiIxODljZWZlZjBkMzg0ZTQ1OTAyYjdjYjcwODFhODZhZSIsInVzZXJfaWQiOjV9.kIt0VvQAfEcKV6Jb7C-DxbcGsGuHakTdJtht5Pr6Pz8	2025-07-05 07:08:17.494655+00	2025-07-12 07:08:17+00	5	189cefef0d384e45902b7cb7081a86ae
123	eyJhbGciOiJIUzI1NiIsInR5cCI6IkpXVCJ9.eyJ0b2tlbl90eXBlIjoicmVmcmVzaCIsImV4cCI6MTc1MjMwNDMwMywiaWF0IjoxNzUxNjk5NTAzLCJqdGkiOiIwMTFhY2I0YzVmZTM0N2EyYmMwNWU4MDA4ZmJhODIwYSIsInVzZXJfaWQiOjV9.-DsnQModE49Jo4AkA8cinOKvCs5ZisVRs7e0YOvrrC8	2025-07-05 07:11:43.510711+00	2025-07-12 07:11:43+00	5	011acb4c5fe347a2bc05e8008fba820a
\.


--
-- Name: Profile_profile_groups_id_seq; Type: SEQUENCE SET; Schema: public; Owner: admin
--

SELECT pg_catalog.setval('public."Profile_profile_groups_id_seq"', 1, false);


--
-- Name: Profile_profile_id_seq; Type: SEQUENCE SET; Schema: public; Owner: admin
--

SELECT pg_catalog.setval('public."Profile_profile_id_seq"', 5, true);


--
-- Name: Profile_profile_user_permissions_id_seq; Type: SEQUENCE SET; Schema: public; Owner: admin
--

SELECT pg_catalog.setval('public."Profile_profile_user_permissions_id_seq"', 1, false);


--
-- Name: Restaurant_franchise_id_seq; Type: SEQUENCE SET; Schema: public; Owner: admin
--

SELECT pg_catalog.setval('public."Restaurant_franchise_id_seq"', 3, true);


--
-- Name: Restaurant_menucategory_id_seq; Type: SEQUENCE SET; Schema: public; Owner: admin
--

SELECT pg_catalog.setval('public."Restaurant_menucategory_id_seq"', 7, true);


--
-- Name: Restaurant_menuitem_id_seq; Type: SEQUENCE SET; Schema: public; Owner: admin
--

SELECT pg_catalog.setval('public."Restaurant_menuitem_id_seq"', 41, true);


--
-- Name: Restaurant_order_id_seq; Type: SEQUENCE SET; Schema: public; Owner: admin
--

SELECT pg_catalog.setval('public."Restaurant_order_id_seq"', 1, false);


--
-- Name: Restaurant_orderitem_id_seq; Type: SEQUENCE SET; Schema: public; Owner: admin
--

SELECT pg_catalog.setval('public."Restaurant_orderitem_id_seq"', 1, false);


--
-- Name: Restaurant_outlet_id_seq; Type: SEQUENCE SET; Schema: public; Owner: admin
--

SELECT pg_catalog.setval('public."Restaurant_outlet_id_seq"', 4, true);


--
-- Name: auth_group_id_seq; Type: SEQUENCE SET; Schema: public; Owner: admin
--

SELECT pg_catalog.setval('public.auth_group_id_seq', 1, false);


--
-- Name: auth_group_permissions_id_seq; Type: SEQUENCE SET; Schema: public; Owner: admin
--

SELECT pg_catalog.setval('public.auth_group_permissions_id_seq', 1, false);


--
-- Name: auth_permission_id_seq; Type: SEQUENCE SET; Schema: public; Owner: admin
--

SELECT pg_catalog.setval('public.auth_permission_id_seq', 56, true);


--
-- Name: django_admin_log_id_seq; Type: SEQUENCE SET; Schema: public; Owner: admin
--

SELECT pg_catalog.setval('public.django_admin_log_id_seq', 26, true);


--
-- Name: django_content_type_id_seq; Type: SEQUENCE SET; Schema: public; Owner: admin
--

SELECT pg_catalog.setval('public.django_content_type_id_seq', 14, true);


--
-- Name: django_migrations_id_seq; Type: SEQUENCE SET; Schema: public; Owner: admin
--

SELECT pg_catalog.setval('public.django_migrations_id_seq', 36, true);


--
-- Name: token_blacklist_blacklistedtoken_id_seq; Type: SEQUENCE SET; Schema: public; Owner: admin
--

SELECT pg_catalog.setval('public.token_blacklist_blacklistedtoken_id_seq', 14, true);


--
-- Name: token_blacklist_outstandingtoken_id_seq; Type: SEQUENCE SET; Schema: public; Owner: admin
--

SELECT pg_catalog.setval('public.token_blacklist_outstandingtoken_id_seq', 123, true);


--
-- Name: Profile_profile Profile_profile_email_key; Type: CONSTRAINT; Schema: public; Owner: admin
--

ALTER TABLE ONLY public."Profile_profile"
    ADD CONSTRAINT "Profile_profile_email_key" UNIQUE (email);


--
-- Name: Profile_profile_groups Profile_profile_groups_pkey; Type: CONSTRAINT; Schema: public; Owner: admin
--

ALTER TABLE ONLY public."Profile_profile_groups"
    ADD CONSTRAINT "Profile_profile_groups_pkey" PRIMARY KEY (id);


--
-- Name: Profile_profile_groups Profile_profile_groups_profile_id_group_id_b8d72e64_uniq; Type: CONSTRAINT; Schema: public; Owner: admin
--

ALTER TABLE ONLY public."Profile_profile_groups"
    ADD CONSTRAINT "Profile_profile_groups_profile_id_group_id_b8d72e64_uniq" UNIQUE (profile_id, group_id);


--
-- Name: Profile_profile Profile_profile_pkey; Type: CONSTRAINT; Schema: public; Owner: admin
--

ALTER TABLE ONLY public."Profile_profile"
    ADD CONSTRAINT "Profile_profile_pkey" PRIMARY KEY (id);


--
-- Name: Profile_profile Profile_profile_slug_key; Type: CONSTRAINT; Schema: public; Owner: admin
--

ALTER TABLE ONLY public."Profile_profile"
    ADD CONSTRAINT "Profile_profile_slug_key" UNIQUE (slug);


--
-- Name: Profile_profile_user_permissions Profile_profile_user_per_profile_id_permission_id_a2774e75_uniq; Type: CONSTRAINT; Schema: public; Owner: admin
--

ALTER TABLE ONLY public."Profile_profile_user_permissions"
    ADD CONSTRAINT "Profile_profile_user_per_profile_id_permission_id_a2774e75_uniq" UNIQUE (profile_id, permission_id);


--
-- Name: Profile_profile_user_permissions Profile_profile_user_permissions_pkey; Type: CONSTRAINT; Schema: public; Owner: admin
--

ALTER TABLE ONLY public."Profile_profile_user_permissions"
    ADD CONSTRAINT "Profile_profile_user_permissions_pkey" PRIMARY KEY (id);


--
-- Name: Restaurant_franchise Restaurant_franchise_pkey; Type: CONSTRAINT; Schema: public; Owner: admin
--

ALTER TABLE ONLY public."Restaurant_franchise"
    ADD CONSTRAINT "Restaurant_franchise_pkey" PRIMARY KEY (id);


--
-- Name: Restaurant_franchise Restaurant_franchise_slug_key; Type: CONSTRAINT; Schema: public; Owner: admin
--

ALTER TABLE ONLY public."Restaurant_franchise"
    ADD CONSTRAINT "Restaurant_franchise_slug_key" UNIQUE (slug);


--
-- Name: Restaurant_franchise Restaurant_franchise_subdomain_key; Type: CONSTRAINT; Schema: public; Owner: admin
--

ALTER TABLE ONLY public."Restaurant_franchise"
    ADD CONSTRAINT "Restaurant_franchise_subdomain_key" UNIQUE (subdomain);


--
-- Name: Restaurant_menucategory Restaurant_menucategory_pkey; Type: CONSTRAINT; Schema: public; Owner: admin
--

ALTER TABLE ONLY public."Restaurant_menucategory"
    ADD CONSTRAINT "Restaurant_menucategory_pkey" PRIMARY KEY (id);


--
-- Name: Restaurant_menucategory Restaurant_menucategory_slug_key; Type: CONSTRAINT; Schema: public; Owner: admin
--

ALTER TABLE ONLY public."Restaurant_menucategory"
    ADD CONSTRAINT "Restaurant_menucategory_slug_key" UNIQUE (slug);


--
-- Name: Restaurant_menuitem Restaurant_menuitem_pkey; Type: CONSTRAINT; Schema: public; Owner: admin
--

ALTER TABLE ONLY public."Restaurant_menuitem"
    ADD CONSTRAINT "Restaurant_menuitem_pkey" PRIMARY KEY (id);


--
-- Name: Restaurant_menuitem Restaurant_menuitem_slug_key; Type: CONSTRAINT; Schema: public; Owner: admin
--

ALTER TABLE ONLY public."Restaurant_menuitem"
    ADD CONSTRAINT "Restaurant_menuitem_slug_key" UNIQUE (slug);


--
-- Name: Restaurant_order Restaurant_order_pkey; Type: CONSTRAINT; Schema: public; Owner: admin
--

ALTER TABLE ONLY public."Restaurant_order"
    ADD CONSTRAINT "Restaurant_order_pkey" PRIMARY KEY (id);


--
-- Name: Restaurant_order Restaurant_order_slug_key; Type: CONSTRAINT; Schema: public; Owner: admin
--

ALTER TABLE ONLY public."Restaurant_order"
    ADD CONSTRAINT "Restaurant_order_slug_key" UNIQUE (slug);


--
-- Name: Restaurant_orderitem Restaurant_orderitem_pkey; Type: CONSTRAINT; Schema: public; Owner: admin
--

ALTER TABLE ONLY public."Restaurant_orderitem"
    ADD CONSTRAINT "Restaurant_orderitem_pkey" PRIMARY KEY (id);


--
-- Name: Restaurant_outlet Restaurant_outlet_pkey; Type: CONSTRAINT; Schema: public; Owner: admin
--

ALTER TABLE ONLY public."Restaurant_outlet"
    ADD CONSTRAINT "Restaurant_outlet_pkey" PRIMARY KEY (id);


--
-- Name: Restaurant_outlet Restaurant_outlet_slug_key; Type: CONSTRAINT; Schema: public; Owner: admin
--

ALTER TABLE ONLY public."Restaurant_outlet"
    ADD CONSTRAINT "Restaurant_outlet_slug_key" UNIQUE (slug);


--
-- Name: auth_group auth_group_name_key; Type: CONSTRAINT; Schema: public; Owner: admin
--

ALTER TABLE ONLY public.auth_group
    ADD CONSTRAINT auth_group_name_key UNIQUE (name);


--
-- Name: auth_group_permissions auth_group_permissions_group_id_permission_id_0cd325b0_uniq; Type: CONSTRAINT; Schema: public; Owner: admin
--

ALTER TABLE ONLY public.auth_group_permissions
    ADD CONSTRAINT auth_group_permissions_group_id_permission_id_0cd325b0_uniq UNIQUE (group_id, permission_id);


--
-- Name: auth_group_permissions auth_group_permissions_pkey; Type: CONSTRAINT; Schema: public; Owner: admin
--

ALTER TABLE ONLY public.auth_group_permissions
    ADD CONSTRAINT auth_group_permissions_pkey PRIMARY KEY (id);


--
-- Name: auth_group auth_group_pkey; Type: CONSTRAINT; Schema: public; Owner: admin
--

ALTER TABLE ONLY public.auth_group
    ADD CONSTRAINT auth_group_pkey PRIMARY KEY (id);


--
-- Name: auth_permission auth_permission_content_type_id_codename_01ab375a_uniq; Type: CONSTRAINT; Schema: public; Owner: admin
--

ALTER TABLE ONLY public.auth_permission
    ADD CONSTRAINT auth_permission_content_type_id_codename_01ab375a_uniq UNIQUE (content_type_id, codename);


--
-- Name: auth_permission auth_permission_pkey; Type: CONSTRAINT; Schema: public; Owner: admin
--

ALTER TABLE ONLY public.auth_permission
    ADD CONSTRAINT auth_permission_pkey PRIMARY KEY (id);


--
-- Name: django_admin_log django_admin_log_pkey; Type: CONSTRAINT; Schema: public; Owner: admin
--

ALTER TABLE ONLY public.django_admin_log
    ADD CONSTRAINT django_admin_log_pkey PRIMARY KEY (id);


--
-- Name: django_content_type django_content_type_app_label_model_76bd3d3b_uniq; Type: CONSTRAINT; Schema: public; Owner: admin
--

ALTER TABLE ONLY public.django_content_type
    ADD CONSTRAINT django_content_type_app_label_model_76bd3d3b_uniq UNIQUE (app_label, model);


--
-- Name: django_content_type django_content_type_pkey; Type: CONSTRAINT; Schema: public; Owner: admin
--

ALTER TABLE ONLY public.django_content_type
    ADD CONSTRAINT django_content_type_pkey PRIMARY KEY (id);


--
-- Name: django_migrations django_migrations_pkey; Type: CONSTRAINT; Schema: public; Owner: admin
--

ALTER TABLE ONLY public.django_migrations
    ADD CONSTRAINT django_migrations_pkey PRIMARY KEY (id);


--
-- Name: django_session django_session_pkey; Type: CONSTRAINT; Schema: public; Owner: admin
--

ALTER TABLE ONLY public.django_session
    ADD CONSTRAINT django_session_pkey PRIMARY KEY (session_key);


--
-- Name: token_blacklist_blacklistedtoken token_blacklist_blacklistedtoken_pkey; Type: CONSTRAINT; Schema: public; Owner: admin
--

ALTER TABLE ONLY public.token_blacklist_blacklistedtoken
    ADD CONSTRAINT token_blacklist_blacklistedtoken_pkey PRIMARY KEY (id);


--
-- Name: token_blacklist_blacklistedtoken token_blacklist_blacklistedtoken_token_id_key; Type: CONSTRAINT; Schema: public; Owner: admin
--

ALTER TABLE ONLY public.token_blacklist_blacklistedtoken
    ADD CONSTRAINT token_blacklist_blacklistedtoken_token_id_key UNIQUE (token_id);


--
-- Name: token_blacklist_outstandingtoken token_blacklist_outstandingtoken_jti_hex_d9bdf6f7_uniq; Type: CONSTRAINT; Schema: public; Owner: admin
--

ALTER TABLE ONLY public.token_blacklist_outstandingtoken
    ADD CONSTRAINT token_blacklist_outstandingtoken_jti_hex_d9bdf6f7_uniq UNIQUE (jti);


--
-- Name: token_blacklist_outstandingtoken token_blacklist_outstandingtoken_pkey; Type: CONSTRAINT; Schema: public; Owner: admin
--

ALTER TABLE ONLY public.token_blacklist_outstandingtoken
    ADD CONSTRAINT token_blacklist_outstandingtoken_pkey PRIMARY KEY (id);


--
-- Name: Profile_profile_email_f849665b_like; Type: INDEX; Schema: public; Owner: admin
--

CREATE INDEX "Profile_profile_email_f849665b_like" ON public."Profile_profile" USING btree (email varchar_pattern_ops);


--
-- Name: Profile_profile_forgot_password_code_df047edd; Type: INDEX; Schema: public; Owner: admin
--

CREATE INDEX "Profile_profile_forgot_password_code_df047edd" ON public."Profile_profile" USING btree (forgot_password_code);


--
-- Name: Profile_profile_forgot_password_code_df047edd_like; Type: INDEX; Schema: public; Owner: admin
--

CREATE INDEX "Profile_profile_forgot_password_code_df047edd_like" ON public."Profile_profile" USING btree (forgot_password_code varchar_pattern_ops);


--
-- Name: Profile_profile_groups_group_id_ab809d31; Type: INDEX; Schema: public; Owner: admin
--

CREATE INDEX "Profile_profile_groups_group_id_ab809d31" ON public."Profile_profile_groups" USING btree (group_id);


--
-- Name: Profile_profile_groups_profile_id_c4bbe6dc; Type: INDEX; Schema: public; Owner: admin
--

CREATE INDEX "Profile_profile_groups_profile_id_c4bbe6dc" ON public."Profile_profile_groups" USING btree (profile_id);


--
-- Name: Profile_profile_slug_7fb4d2b2_like; Type: INDEX; Schema: public; Owner: admin
--

CREATE INDEX "Profile_profile_slug_7fb4d2b2_like" ON public."Profile_profile" USING btree (slug varchar_pattern_ops);


--
-- Name: Profile_profile_user_permissions_permission_id_1e26a939; Type: INDEX; Schema: public; Owner: admin
--

CREATE INDEX "Profile_profile_user_permissions_permission_id_1e26a939" ON public."Profile_profile_user_permissions" USING btree (permission_id);


--
-- Name: Profile_profile_user_permissions_profile_id_d7c83008; Type: INDEX; Schema: public; Owner: admin
--

CREATE INDEX "Profile_profile_user_permissions_profile_id_d7c83008" ON public."Profile_profile_user_permissions" USING btree (profile_id);


--
-- Name: Restaurant__search__c006ea_gin; Type: INDEX; Schema: public; Owner: admin
--

CREATE INDEX "Restaurant__search__c006ea_gin" ON public."Restaurant_menuitem" USING gin (search_vector);


--
-- Name: Restaurant__search__f12252_gin; Type: INDEX; Schema: public; Owner: admin
--

CREATE INDEX "Restaurant__search__f12252_gin" ON public."Restaurant_menucategory" USING gin (search_vector);


--
-- Name: Restaurant_franchise_admin_id_ea70cbbe; Type: INDEX; Schema: public; Owner: admin
--

CREATE INDEX "Restaurant_franchise_admin_id_ea70cbbe" ON public."Restaurant_franchise" USING btree (admin_id);


--
-- Name: Restaurant_franchise_slug_3e95a8e0_like; Type: INDEX; Schema: public; Owner: admin
--

CREATE INDEX "Restaurant_franchise_slug_3e95a8e0_like" ON public."Restaurant_franchise" USING btree (slug varchar_pattern_ops);


--
-- Name: Restaurant_franchise_subdomain_a29a366e_like; Type: INDEX; Schema: public; Owner: admin
--

CREATE INDEX "Restaurant_franchise_subdomain_a29a366e_like" ON public."Restaurant_franchise" USING btree (subdomain varchar_pattern_ops);


--
-- Name: Restaurant_menucategory_outlet_id_e2365a85; Type: INDEX; Schema: public; Owner: admin
--

CREATE INDEX "Restaurant_menucategory_outlet_id_e2365a85" ON public."Restaurant_menucategory" USING btree (outlet_id);


--
-- Name: Restaurant_menucategory_slug_363f045f_like; Type: INDEX; Schema: public; Owner: admin
--

CREATE INDEX "Restaurant_menucategory_slug_363f045f_like" ON public."Restaurant_menucategory" USING btree (slug varchar_pattern_ops);


--
-- Name: Restaurant_menuitem_category_id_c0fadb95; Type: INDEX; Schema: public; Owner: admin
--

CREATE INDEX "Restaurant_menuitem_category_id_c0fadb95" ON public."Restaurant_menuitem" USING btree (category_id);


--
-- Name: Restaurant_menuitem_slug_828a0b9f_like; Type: INDEX; Schema: public; Owner: admin
--

CREATE INDEX "Restaurant_menuitem_slug_828a0b9f_like" ON public."Restaurant_menuitem" USING btree (slug varchar_pattern_ops);


--
-- Name: Restaurant_order_outlet_id_446ca752; Type: INDEX; Schema: public; Owner: admin
--

CREATE INDEX "Restaurant_order_outlet_id_446ca752" ON public."Restaurant_order" USING btree (outlet_id);


--
-- Name: Restaurant_order_slug_c8038c22_like; Type: INDEX; Schema: public; Owner: admin
--

CREATE INDEX "Restaurant_order_slug_c8038c22_like" ON public."Restaurant_order" USING btree (slug varchar_pattern_ops);


--
-- Name: Restaurant_orderitem_item_id_4874d7bf; Type: INDEX; Schema: public; Owner: admin
--

CREATE INDEX "Restaurant_orderitem_item_id_4874d7bf" ON public."Restaurant_orderitem" USING btree (item_id);


--
-- Name: Restaurant_orderitem_order_id_9b038eab; Type: INDEX; Schema: public; Owner: admin
--

CREATE INDEX "Restaurant_orderitem_order_id_9b038eab" ON public."Restaurant_orderitem" USING btree (order_id);


--
-- Name: Restaurant_outlet_admin_id_f146bd76; Type: INDEX; Schema: public; Owner: admin
--

CREATE INDEX "Restaurant_outlet_admin_id_f146bd76" ON public."Restaurant_outlet" USING btree (admin_id);


--
-- Name: Restaurant_outlet_franchise_id_bbf355e2; Type: INDEX; Schema: public; Owner: admin
--

CREATE INDEX "Restaurant_outlet_franchise_id_bbf355e2" ON public."Restaurant_outlet" USING btree (franchise_id);


--
-- Name: Restaurant_outlet_slug_6daf0daa_like; Type: INDEX; Schema: public; Owner: admin
--

CREATE INDEX "Restaurant_outlet_slug_6daf0daa_like" ON public."Restaurant_outlet" USING btree (slug varchar_pattern_ops);


--
-- Name: auth_group_name_a6ea08ec_like; Type: INDEX; Schema: public; Owner: admin
--

CREATE INDEX auth_group_name_a6ea08ec_like ON public.auth_group USING btree (name varchar_pattern_ops);


--
-- Name: auth_group_permissions_group_id_b120cbf9; Type: INDEX; Schema: public; Owner: admin
--

CREATE INDEX auth_group_permissions_group_id_b120cbf9 ON public.auth_group_permissions USING btree (group_id);


--
-- Name: auth_group_permissions_permission_id_84c5c92e; Type: INDEX; Schema: public; Owner: admin
--

CREATE INDEX auth_group_permissions_permission_id_84c5c92e ON public.auth_group_permissions USING btree (permission_id);


--
-- Name: auth_permission_content_type_id_2f476e4b; Type: INDEX; Schema: public; Owner: admin
--

CREATE INDEX auth_permission_content_type_id_2f476e4b ON public.auth_permission USING btree (content_type_id);


--
-- Name: django_admin_log_content_type_id_c4bce8eb; Type: INDEX; Schema: public; Owner: admin
--

CREATE INDEX django_admin_log_content_type_id_c4bce8eb ON public.django_admin_log USING btree (content_type_id);


--
-- Name: django_admin_log_user_id_c564eba6; Type: INDEX; Schema: public; Owner: admin
--

CREATE INDEX django_admin_log_user_id_c564eba6 ON public.django_admin_log USING btree (user_id);


--
-- Name: django_session_expire_date_a5c62663; Type: INDEX; Schema: public; Owner: admin
--

CREATE INDEX django_session_expire_date_a5c62663 ON public.django_session USING btree (expire_date);


--
-- Name: django_session_session_key_c0390e0f_like; Type: INDEX; Schema: public; Owner: admin
--

CREATE INDEX django_session_session_key_c0390e0f_like ON public.django_session USING btree (session_key varchar_pattern_ops);


--
-- Name: token_blacklist_outstandingtoken_jti_hex_d9bdf6f7_like; Type: INDEX; Schema: public; Owner: admin
--

CREATE INDEX token_blacklist_outstandingtoken_jti_hex_d9bdf6f7_like ON public.token_blacklist_outstandingtoken USING btree (jti varchar_pattern_ops);


--
-- Name: token_blacklist_outstandingtoken_user_id_83bc629a; Type: INDEX; Schema: public; Owner: admin
--

CREATE INDEX token_blacklist_outstandingtoken_user_id_83bc629a ON public.token_blacklist_outstandingtoken USING btree (user_id);


--
-- Name: Profile_profile_groups Profile_profile_grou_profile_id_c4bbe6dc_fk_Profile_p; Type: FK CONSTRAINT; Schema: public; Owner: admin
--

ALTER TABLE ONLY public."Profile_profile_groups"
    ADD CONSTRAINT "Profile_profile_grou_profile_id_c4bbe6dc_fk_Profile_p" FOREIGN KEY (profile_id) REFERENCES public."Profile_profile"(id) DEFERRABLE INITIALLY DEFERRED;


--
-- Name: Profile_profile_groups Profile_profile_groups_group_id_ab809d31_fk_auth_group_id; Type: FK CONSTRAINT; Schema: public; Owner: admin
--

ALTER TABLE ONLY public."Profile_profile_groups"
    ADD CONSTRAINT "Profile_profile_groups_group_id_ab809d31_fk_auth_group_id" FOREIGN KEY (group_id) REFERENCES public.auth_group(id) DEFERRABLE INITIALLY DEFERRED;


--
-- Name: Profile_profile_user_permissions Profile_profile_user_permission_id_1e26a939_fk_auth_perm; Type: FK CONSTRAINT; Schema: public; Owner: admin
--

ALTER TABLE ONLY public."Profile_profile_user_permissions"
    ADD CONSTRAINT "Profile_profile_user_permission_id_1e26a939_fk_auth_perm" FOREIGN KEY (permission_id) REFERENCES public.auth_permission(id) DEFERRABLE INITIALLY DEFERRED;


--
-- Name: Profile_profile_user_permissions Profile_profile_user_profile_id_d7c83008_fk_Profile_p; Type: FK CONSTRAINT; Schema: public; Owner: admin
--

ALTER TABLE ONLY public."Profile_profile_user_permissions"
    ADD CONSTRAINT "Profile_profile_user_profile_id_d7c83008_fk_Profile_p" FOREIGN KEY (profile_id) REFERENCES public."Profile_profile"(id) DEFERRABLE INITIALLY DEFERRED;


--
-- Name: Restaurant_franchise Restaurant_franchise_admin_id_ea70cbbe_fk_Profile_profile_id; Type: FK CONSTRAINT; Schema: public; Owner: admin
--

ALTER TABLE ONLY public."Restaurant_franchise"
    ADD CONSTRAINT "Restaurant_franchise_admin_id_ea70cbbe_fk_Profile_profile_id" FOREIGN KEY (admin_id) REFERENCES public."Profile_profile"(id) DEFERRABLE INITIALLY DEFERRED;


--
-- Name: Restaurant_menucategory Restaurant_menucateg_outlet_id_e2365a85_fk_Restauran; Type: FK CONSTRAINT; Schema: public; Owner: admin
--

ALTER TABLE ONLY public."Restaurant_menucategory"
    ADD CONSTRAINT "Restaurant_menucateg_outlet_id_e2365a85_fk_Restauran" FOREIGN KEY (outlet_id) REFERENCES public."Restaurant_outlet"(id) DEFERRABLE INITIALLY DEFERRED;


--
-- Name: Restaurant_menuitem Restaurant_menuitem_category_id_c0fadb95_fk_Restauran; Type: FK CONSTRAINT; Schema: public; Owner: admin
--

ALTER TABLE ONLY public."Restaurant_menuitem"
    ADD CONSTRAINT "Restaurant_menuitem_category_id_c0fadb95_fk_Restauran" FOREIGN KEY (category_id) REFERENCES public."Restaurant_menucategory"(id) DEFERRABLE INITIALLY DEFERRED;


--
-- Name: Restaurant_order Restaurant_order_outlet_id_446ca752_fk_Restaurant_outlet_id; Type: FK CONSTRAINT; Schema: public; Owner: admin
--

ALTER TABLE ONLY public."Restaurant_order"
    ADD CONSTRAINT "Restaurant_order_outlet_id_446ca752_fk_Restaurant_outlet_id" FOREIGN KEY (outlet_id) REFERENCES public."Restaurant_outlet"(id) DEFERRABLE INITIALLY DEFERRED;


--
-- Name: Restaurant_orderitem Restaurant_orderitem_item_id_4874d7bf_fk_Restaurant_menuitem_id; Type: FK CONSTRAINT; Schema: public; Owner: admin
--

ALTER TABLE ONLY public."Restaurant_orderitem"
    ADD CONSTRAINT "Restaurant_orderitem_item_id_4874d7bf_fk_Restaurant_menuitem_id" FOREIGN KEY (item_id) REFERENCES public."Restaurant_menuitem"(id) DEFERRABLE INITIALLY DEFERRED;


--
-- Name: Restaurant_orderitem Restaurant_orderitem_order_id_9b038eab_fk_Restaurant_order_id; Type: FK CONSTRAINT; Schema: public; Owner: admin
--

ALTER TABLE ONLY public."Restaurant_orderitem"
    ADD CONSTRAINT "Restaurant_orderitem_order_id_9b038eab_fk_Restaurant_order_id" FOREIGN KEY (order_id) REFERENCES public."Restaurant_order"(id) DEFERRABLE INITIALLY DEFERRED;


--
-- Name: Restaurant_outlet Restaurant_outlet_admin_id_f146bd76_fk_Profile_profile_id; Type: FK CONSTRAINT; Schema: public; Owner: admin
--

ALTER TABLE ONLY public."Restaurant_outlet"
    ADD CONSTRAINT "Restaurant_outlet_admin_id_f146bd76_fk_Profile_profile_id" FOREIGN KEY (admin_id) REFERENCES public."Profile_profile"(id) DEFERRABLE INITIALLY DEFERRED;


--
-- Name: Restaurant_outlet Restaurant_outlet_franchise_id_bbf355e2_fk_Restauran; Type: FK CONSTRAINT; Schema: public; Owner: admin
--

ALTER TABLE ONLY public."Restaurant_outlet"
    ADD CONSTRAINT "Restaurant_outlet_franchise_id_bbf355e2_fk_Restauran" FOREIGN KEY (franchise_id) REFERENCES public."Restaurant_franchise"(id) DEFERRABLE INITIALLY DEFERRED;


--
-- Name: auth_group_permissions auth_group_permissio_permission_id_84c5c92e_fk_auth_perm; Type: FK CONSTRAINT; Schema: public; Owner: admin
--

ALTER TABLE ONLY public.auth_group_permissions
    ADD CONSTRAINT auth_group_permissio_permission_id_84c5c92e_fk_auth_perm FOREIGN KEY (permission_id) REFERENCES public.auth_permission(id) DEFERRABLE INITIALLY DEFERRED;


--
-- Name: auth_group_permissions auth_group_permissions_group_id_b120cbf9_fk_auth_group_id; Type: FK CONSTRAINT; Schema: public; Owner: admin
--

ALTER TABLE ONLY public.auth_group_permissions
    ADD CONSTRAINT auth_group_permissions_group_id_b120cbf9_fk_auth_group_id FOREIGN KEY (group_id) REFERENCES public.auth_group(id) DEFERRABLE INITIALLY DEFERRED;


--
-- Name: auth_permission auth_permission_content_type_id_2f476e4b_fk_django_co; Type: FK CONSTRAINT; Schema: public; Owner: admin
--

ALTER TABLE ONLY public.auth_permission
    ADD CONSTRAINT auth_permission_content_type_id_2f476e4b_fk_django_co FOREIGN KEY (content_type_id) REFERENCES public.django_content_type(id) DEFERRABLE INITIALLY DEFERRED;


--
-- Name: django_admin_log django_admin_log_content_type_id_c4bce8eb_fk_django_co; Type: FK CONSTRAINT; Schema: public; Owner: admin
--

ALTER TABLE ONLY public.django_admin_log
    ADD CONSTRAINT django_admin_log_content_type_id_c4bce8eb_fk_django_co FOREIGN KEY (content_type_id) REFERENCES public.django_content_type(id) DEFERRABLE INITIALLY DEFERRED;


--
-- Name: django_admin_log django_admin_log_user_id_c564eba6_fk_Profile_profile_id; Type: FK CONSTRAINT; Schema: public; Owner: admin
--

ALTER TABLE ONLY public.django_admin_log
    ADD CONSTRAINT "django_admin_log_user_id_c564eba6_fk_Profile_profile_id" FOREIGN KEY (user_id) REFERENCES public."Profile_profile"(id) DEFERRABLE INITIALLY DEFERRED;


--
-- Name: token_blacklist_blacklistedtoken token_blacklist_blacklistedtoken_token_id_3cc7fe56_fk; Type: FK CONSTRAINT; Schema: public; Owner: admin
--

ALTER TABLE ONLY public.token_blacklist_blacklistedtoken
    ADD CONSTRAINT token_blacklist_blacklistedtoken_token_id_3cc7fe56_fk FOREIGN KEY (token_id) REFERENCES public.token_blacklist_outstandingtoken(id) DEFERRABLE INITIALLY DEFERRED;


--
-- Name: token_blacklist_outstandingtoken token_blacklist_outs_user_id_83bc629a_fk_Profile_p; Type: FK CONSTRAINT; Schema: public; Owner: admin
--

ALTER TABLE ONLY public.token_blacklist_outstandingtoken
    ADD CONSTRAINT "token_blacklist_outs_user_id_83bc629a_fk_Profile_p" FOREIGN KEY (user_id) REFERENCES public."Profile_profile"(id) DEFERRABLE INITIALLY DEFERRED;


--
-- PostgreSQL database dump complete
--

